trans_num,fraud_probability,decision,reason_1,reason_2,reason_3,ts,cc_num,category,amt,is_fraud,n_reasons
65ed8f96d0afee878d53959f87c772e5,0.323529,1,Сумма 867.88 у.е. — дороже 99% покупок в категории «разное онлайн»,Серия из 2 операций ночью,Операция через 42 мин после предыдущей,2020-04-23 00:21:15,30551643947183,misc_net,867.88,0,3
a296c2d67652ea420c5e01b3a275a3f3,1.0,1,Сумма 301.61 у.е. — дороже 99% покупок в категории «продукты в магазине»,Категория «продукты в магазине» — частая цель мошенников,Сумма в 4 раз больше обычной для этого клиента в этой категории (обычно около 86 у.е.),2020-04-23 01:10:26,6535328428560433,grocery_pos,301.61,1,3
a5ea01d95c580f24bc8685ca18328fb0,1.0,1,Сумма 795.65 у.е. — дороже 98% покупок в категории «покупки в магазине»,Категория «покупки в магазине» — частая цель мошенников,Серия из 2 операций ночью,2020-04-23 01:37:37,6011724471098086,shopping_pos,795.65,1,3
3a325f29919b7f8cbd99b8422e12eb1a,1.0,1,Сумма 739.33 у.е. — дороже 98% покупок в категории «покупки в магазине»,Категория «покупки в магазине» — частая цель мошенников,За последние сутки по карте уже списано около 921 у.е.,2020-04-23 03:00:37,6011724471098086,shopping_pos,739.33,1,3
0ac3e6097edcc22e995edf0f1879834e,1.0,1,Сумма 970.97 у.е. — дороже 99% покупок в категории «покупки в магазине»,Ночная операция (23:08),Категория «покупки в магазине» — частая цель мошенников,2020-04-23 23:08:30,6535328428560433,shopping_pos,970.97,1,3
beb176ee56ddea76a51971a2891b72ec,1.0,1,Сумма 342.79 у.е. — дороже 99% покупок в категории «продукты в магазине»,Категория «продукты в магазине» — частая цель мошенников,Серия из 3 операций ночью,2020-04-24 03:02:24,379141394109214,grocery_pos,342.79,1,3
59f17391af37386cafa937a0eff3b186,1.0,1,Сумма 374.30 у.е. — дороже 99% покупок в категории «развлечения»,За последние сутки по карте уже списано около 744 у.е.,Категория «развлечения» — частая цель мошенников,2020-04-24 14:54:35,6535328428560433,entertainment,374.3,1,3
be2c8b41fccf8ed3f2aa0ed7a4f0c823,1.0,1,Сумма 977.70 у.е. — дороже 98% покупок в категории «покупки онлайн»,Категория «покупки онлайн» — частая цель мошенников,Новая карта: это её первая операция,2020-04-24 22:09:30,501818133297,shopping_net,977.7,1,3
608581d9257eb275e4c687f8b312b69e,1.0,1,Сумма 815.65 у.е. — дороже 98% покупок в категории «покупки в магазине»,За последние сутки по карте уже списано около 824 у.е.,Категория «покупки в магазине» — частая цель мошенников,2020-04-24 22:14:12,6535328428560433,shopping_pos,815.65,1,3
20cc6e2e983e4890324ce1569101be0d,1.0,1,Сумма 847.15 у.е. — дороже 99% покупок в категории «разное онлайн»,Ночная операция (23:00),Категория «разное онлайн» — частая цель мошенников,2020-04-24 23:00:08,379141394109214,misc_net,847.15,1,3
8ba46224f29bee1819db0238b2505d9b,1.0,1,Сумма 1 084.02 у.е. — дороже 99% покупок в категории «покупки онлайн»,Почти новая карта: 5 операций в истории,Категория «покупки онлайн» — частая цель мошенников,2020-04-25 22:35:37,501818133297,shopping_net,1084.02,1,3
6584eca14d33f0612ebcf266d950ba79,0.97561,1,Сумма 759.28 у.е. — дороже 98% покупок в категории «разное онлайн»,Категория «разное онлайн» — частая цель мошенников,Ночная операция (22:49),2020-04-25 22:49:49,3598634130286287,misc_net,759.28,0,3
1bab6942e9a78519d788e3fd8d0cda2d,1.0,1,За последние сутки по карте уже списано около 1 996 у.е.,Сумма 954.23 у.е. — дороже 98% покупок в категории «покупки онлайн»,Категория «покупки онлайн» — частая цель мошенников,2020-04-25 22:51:37,501818133297,shopping_net,954.23,1,3
4bcd78760a5b07a7513d684f1efd03d4,1.0,1,Сумма 762.54 у.е. — дороже 98% покупок в категории «разное онлайн»,Категория «разное онлайн» — частая цель мошенников,Ночная операция (23:21),2020-04-25 23:21:32,180097223252063,misc_net,762.54,1,3
df9eef0127b5d38cc6222de02b3d1fdf,1.0,1,За последние сутки по карте уже списано около 2 889 у.е.,Сумма 978.42 у.е. — дороже 98% покупок в категории «покупки онлайн»,Почти новая карта: 7 операций в истории,2020-04-25 23:21:53,501818133297,shopping_net,978.42,1,3
0def7daf25079f73c47852709bb888cb,0.715587,1,Сумма 1 033.23 у.е. — дороже 99% покупок в категории «разное онлайн»,Сумма в 77 раз больше обычной для этого клиента в этой категории (обычно около 13 у.е.),Категория «разное онлайн» — частая цель мошенников,2020-04-26 01:11:54,4048508450704760,misc_net,1033.23,0,3
247d4b5491e06bd1f057142f5dc73b89,1.0,1,Сумма 305.16 у.е. — дороже 99% покупок в категории «продукты в магазине»,Категория «продукты в магазине» — частая цель мошенников,Почти новая карта: 3 операций в истории,2020-04-26 03:21:59,180097223252063,grocery_pos,305.16,1,3
59e1012b71705119dbf2d20b1eb3973b,1.0,1,Сумма 842.42 у.е. — дороже 98% покупок в категории «покупки в магазине»,Ночная операция (22:00),Категория «покупки в магазине» — частая цель мошенников,2020-04-26 22:00:42,213175487106448,shopping_pos,842.42,1,3
9f90c2ff138244c2e93b5bdf718c4ae1,1.0,1,Сумма 975.85 у.е. — дороже 99% покупок в категории «разное онлайн»,За последние сутки по карте уже списано около 915 у.е.,Почти новая карта: 6 операций в истории,2020-04-26 23:00:45,180097223252063,misc_net,975.85,1,3
cef808b888c38c4d86dcbe7fef4fa605,1.0,1,Сумма 791.58 у.е. — дороже 97% покупок в категории «покупки онлайн»,За последние сутки по карте уже списано около 838 у.е.,Категория «покупки онлайн» — частая цель мошенников,2020-04-26 23:03:58,213175487106448,shopping_net,791.58,1,3
aeefc904dfa768c44902cd2d53e88dd5,0.323529,1,Сумма 1 381.15 у.е. — дороже 99% покупок в категории «покупки онлайн»,Категория «покупки онлайн» — частая цель мошенников,Сумма в 133 раз больше обычной для этого клиента в этой категории (обычно около 10 у.е.),2020-04-26 23:06:34,4228411452607671,shopping_net,1381.15,0,3
afe8b76afe9b09889db9e0a6a53dc49f,1.0,1,Сумма 1 151.24 у.е. — дороже 99% покупок в категории «покупки онлайн»,За последние сутки по карте уже списано около 1 622 у.е.,Категория «покупки онлайн» — частая цель мошенников,2020-04-26 23:11:01,213175487106448,shopping_net,1151.24,1,3
41f3426689883250398a81644ef9a2c1,1.0,1,Сумма 864.48 у.е. — дороже 99% покупок в категории «разное онлайн»,За последние сутки по карте уже списано около 2 760 у.е.,Серия из 4 операций ночью,2020-04-26 23:17:37,213175487106448,misc_net,864.48,1,3
0736d8ba4989ef707483d951564298a1,0.035088,1,Сумма 1 243.83 у.е. — дороже 99% покупок в категории «покупки онлайн»,Категория «покупки онлайн» — частая цель мошенников,Сумма в 148 раз больше обычной для этого клиента в этой категории (обычно около 8 у.е.),2020-04-27 14:23:16,213153151785052,shopping_net,1243.83,0,3
0e4e7b7defcbcbbcdbce8ceba04a76af,1.0,1,Сумма 1 144.45 у.е. — дороже 99% покупок в категории «покупки онлайн»,За последние сутки по карте уже списано около 1 398 у.е.,Ночная операция (22:09),2020-04-27 22:09:24,213175487106448,shopping_net,1144.45,1,3
aa76bd05d77e6161ced3829f3aa4108a,1.0,1,Сумма 958.27 у.е. — дороже 98% покупок в категории «покупки онлайн»,За последние сутки по карте уже списано около 2 484 у.е.,Категория «покупки онлайн» — частая цель мошенников,2020-04-27 22:43:12,213175487106448,shopping_net,958.27,1,3
105b5fc7bb749286c159f87ea9f02b09,0.018868,1,Сумма 3 918.79 у.е. — дороже 99% покупок в категории «покупки онлайн»,Категория «покупки онлайн» — частая цель мошенников,Сумма в 453 раз больше обычной для этого клиента в этой категории (обычно около 9 у.е.),2020-04-27 23:13:59,30434173205605,shopping_net,3918.79,0,3
1a530b388d5fc914e1b9a4147fb4942a,1.0,1,Сумма 1 116.14 у.е. — дороже 99% покупок в категории «покупки онлайн»,За последние сутки по карте уже списано около 3 317 у.е.,Категория «покупки онлайн» — частая цель мошенников,2020-04-27 23:36:14,213175487106448,shopping_net,1116.14,1,3
d0267ee628336b74d058a0766702ddbe,1.0,1,Сумма 685.42 у.е. — дороже 97% покупок в категории «покупки в магазине»,Категория «покупки в магазине» — частая цель мошенников,Сумма в 71 раз больше обычной для этого клиента в этой категории (обычно около 10 у.е.),2020-04-28 02:06:41,3529597810116815,shopping_pos,685.42,1,3
aeddf53311c52cf2958bca4fc266618f,1.0,1,Сумма 832.31 у.е. — дороже 99% покупок в категории «разное в магазине»,Серия из 2 операций ночью,За последние сутки по карте уже списано около 723 у.е.,2020-04-28 02:47:08,3529597810116815,misc_pos,832.31,1,3
4d37f452af7f0870c17e052925077ee8,1.0,1,Сумма 946.77 у.е. — дороже 99% покупок в категории «покупки в магазине»,За последние сутки по карте уже списано около 1 505 у.е.,Серия из 3 операций ночью,2020-04-28 03:34:47,3529597810116815,shopping_pos,946.77,1,3
c03ddc87258b5ef0de2020f7b588e252,1.0,1,Сумма 335.20 у.е. — дороже 99% покупок в категории «продукты в магазине»,Категория «продукты в магазине» — частая цель мошенников,Сумма в 3 раз больше обычной для этого клиента в этой категории (обычно около 129 у.е.),2020-04-28 22:36:38,639095706599,grocery_pos,335.2,1,3
62b3371a588e4c041b0963e2e91f52db,1.0,1,Сумма 461.19 у.е. — дороже 99% покупок в категории «развлечения»,За последние сутки по карте уже списано около 1 115 у.е.,Категория «развлечения» — частая цель мошенников,2020-04-28 22:45:15,3529597810116815,entertainment,461.19,1,3
b7212e1376b05c96858375bb117e4f75,1.0,1,Сумма 436.86 у.е. — дороже 99% покупок в категории «развлечения»,Почти новая карта: 3 операций в истории,Серия из 2 операций ночью,2020-04-28 23:10:18,6011099828110011,entertainment,436.86,1,3
c131180e4d80cd62f311d97278f65176,1.0,1,За последние сутки по карте уже списано около 1 558 у.е.,Сумма 741.95 у.е. — дороже 98% покупок в категории «покупки в магазине»,Серия из 4 операций ночью,2020-04-28 23:43:32,3529597810116815,shopping_pos,741.95,1,3
f34b39116a3d00c17562cbcf310a7fb9,1.0,1,Сумма 900.86 у.е. — дороже 97% покупок в категории «покупки онлайн»,Категория «покупки онлайн» — частая цель мошенников,Ночная операция (23:58),2020-04-28 23:58:50,639095706599,shopping_net,900.86,1,3
10856386babddd0ba4c8c04dc581d58e,1.0,1,Сумма 987.32 у.е. — дороже 99% покупок в категории «покупки в магазине»,Почти новая карта: 4 операций в истории,За последние сутки по карте уже списано около 782 у.е.,2020-04-28 23:59:50,6011099828110011,shopping_pos,987.32,1,3
4f0eebe298e183c06e1204281b51f6af,1.0,1,Сумма 789.77 у.е. — дороже 99% покупок в категории «разное онлайн»,Категория «разное онлайн» — частая цель мошенников,За последние сутки по карте уже списано около 921 у.е.,2020-04-29 17:38:05,639095706599,misc_net,789.77,1,3
f2b986398cd8aa37a913bc04bd9982a2,1.0,1,Сумма 977.30 у.е. — дороже 98% покупок в категории «покупки онлайн»,За последние сутки по карте уже списано около 1 353 у.е.,Категория «покупки онлайн» — частая цель мошенников,2020-04-29 23:15:56,639095706599,shopping_net,977.3,1,3
ccff25630b1f1ab8a9ed0afe664afd7e,1.0,1,Сумма 931.33 у.е. — дороже 99% покупок в категории «покупки в магазине»,Почти новая карта: 5 операций в истории,Категория «покупки в магазине» — частая цель мошенников,2020-04-29 23:18:51,6011099828110011,shopping_pos,931.33,1,3
0f2de758ccdc2bcbcffe0337e16420e8,1.0,1,Сумма 1 009.39 у.е. — дороже 98% покупок в категории «покупки онлайн»,За последние сутки по карте уже списано около 1 663 у.е.,Почти новая карта: 7 операций в истории,2020-04-29 23:56:49,6011099828110011,shopping_net,1009.39,1,3
2b18c7d211af88aba951445af8d4a49a,1.0,1,Сумма 334.48 у.е. — дороже 99% покупок в категории «продукты в магазине»,Категория «продукты в магазине» — частая цель мошенников,Серия из 2 операций ночью,2020-04-30 02:08:51,4957924165498,grocery_pos,334.48,1,3
9a30028ebf23ae3e6650df54627c06a0,1.0,1,Сумма 813.13 у.е. — дороже 97% покупок в категории «покупки онлайн»,Категория «покупки онлайн» — частая цель мошенников,За последние сутки по карте уже списано около 397 у.е.,2020-04-30 16:09:46,4957924165498,shopping_net,813.13,1,3
1889b2c082bdb150ddeba8c236cb33d9,1.0,1,Сумма 772.98 у.е. — дороже 98% покупок в категории «разное онлайн»,За последние сутки по карте уже списано около 1 084 у.е.,Категория «разное онлайн» — частая цель мошенников,2020-04-30 18:48:36,4957924165498,misc_net,772.98,1,3
325f96b36216278540e9a0ce77c0a4af,1.0,1,Сумма 1 124.32 у.е. — дороже 99% покупок в категории «покупки онлайн»,За последние сутки по карте уже списано около 1 876 у.е.,Категория «покупки онлайн» — частая цель мошенников,2020-04-30 23:03:14,4957924165498,shopping_net,1124.32,1,3
59d09f884f95b69cb2ba2019b903e329,1.0,1,Сумма 891.32 у.е. — дороже 98% покупок в категории «покупки в магазине»,Категория «покупки в магазине» — частая цель мошенников,Ночная операция (23:54),2020-04-30 23:54:55,2318062975163331,shopping_pos,891.32,1,3
5046900b7acadb58c6b037d591903522,1.0,1,Сумма 950.57 у.е. — дороже 99% покупок в категории «покупки в магазине»,За последние сутки по карте уже списано около 1 717 у.е.,Категория «покупки в магазине» — частая цель мошенников,2020-05-01 03:22:34,4158758517677931,shopping_pos,950.57,1,3
46d59bd534719c742c6278b1013de789,1.0,1,Сумма 1 042.19 у.е. — дороже 99% покупок в категории «покупки онлайн»,За последние сутки по карте уже списано около 1 314 у.е.,Категория «покупки онлайн» — частая цель мошенников,2020-05-01 22:15:58,4957924165498,shopping_net,1042.19,1,3
78411930ad7271c569eba13eaa6fac71,1.0,1,Сумма 935.84 у.е. — дороже 99% покупок в категории «покупки в магазине»,За последние сутки по карте уже списано около 2 351 у.е.,Ночная операция (22:18),2020-05-01 22:18:57,4957924165498,shopping_pos,935.84,1,3
4ed8f1d71e750b0e5959daf79e84c2eb,1.0,1,Сумма 933.06 у.е. — дороже 99% покупок в категории «покупки в магазине»,За последние сутки по карте уже списано около 1 485 у.е.,Категория «покупки в магазине» — частая цель мошенников,2020-05-01 23:20:13,2318062975163331,shopping_pos,933.06,1,3
fd454daa16701378200a567702a2c3d2,1.0,1,Сумма 877.08 у.е. — дороже 98% покупок в категории «покупки в магазине»,Ночная операция (23:47),Категория «покупки в магазине» — частая цель мошенников,2020-05-01 23:47:09,580954173374,shopping_pos,877.08,1,3
772df64d3adcc4c4304ca30c8cd13947,1.0,1,Сумма 964.32 у.е. — дороже 98% покупок в категории «покупки онлайн»,Категория «покупки онлайн» — частая цель мошенников,Почти новая карта: 1 операций в истории,2020-05-02 20:28:28,340214844585279,shopping_net,964.32,1,3
d029dbec30ea465c53c4763f5308daeb,0.97561,1,Сумма 906.28 у.е. — дороже 98% покупок в категории «покупки онлайн»,Категория «покупки онлайн» — частая цель мошенников,Ночная операция (22:48),2020-05-02 22:48:00,675945690716,shopping_net,906.28,1,3
ab72596072f3449411353589969c1f4a,1.0,1,За последние сутки по карте уже списано около 1 972 у.е.,Сумма 962.43 у.е. — дороже 98% покупок в категории «покупки онлайн»,Почти новая карта: 4 операций в истории,2020-05-02 23:38:34,340214844585279,shopping_net,962.43,1,3
033a351fc201c6c8550fdc4e40922c44,1.0,1,Сумма 1 070.44 у.е. — дороже 99% покупок в категории «покупки в магазине»,За последние сутки по карте уже списано около 2 915 у.е.,Почти новая карта: 5 операций в истории,2020-05-02 23:47:52,340214844585279,shopping_pos,1070.44,1,3
8fe8b8562cf26949eb5548bdb8a04de4,1.0,1,Сумма 1 129.57 у.е. — дороже 99% покупок в категории «покупки онлайн»,За последние сутки по карте уже списано около 1 124 у.е.,Категория «покупки онлайн» — частая цель мошенников,2020-05-02 23:55:04,675945690716,shopping_net,1129.57,1,3
f4c6e8a85c68c44dfe9071f3640abac8,1.0,1,Сумма 904.86 у.е. — дороже 97% покупок в категории «покупки онлайн»,Категория «покупки онлайн» — частая цель мошенников,За последние сутки по карте уже списано около 815 у.е.,2020-05-03 01:10:00,30446018552504,shopping_net,904.86,1,3
2f71003cd0139f0c61ca5be9ceb3fecf,1.0,1,Сумма 985.65 у.е. — дороже 98% покупок в категории «покупки онлайн»,За последние сутки по карте уже списано около 1 995 у.е.,Категория «покупки онлайн» — частая цель мошенников,2020-05-03 02:28:33,30446018552504,shopping_net,985.65,1,3
6be1c1e932056b38c70a43a817964385,1.0,1,Сумма 917.37 у.е. — дороже 99% покупок в категории «покупки в магазине»,За последние сутки по карте уже списано около 2 432 у.е.,"Карта сейчас в 4 раз активнее, чем обычно для этого клиента",2020-05-03 07:21:10,30446018552504,shopping_pos,917.37,1,3
83a0b4c52c2d0cd585be52e8e5a0e4b9,1.0,1,За последние сутки по карте уже списано около 1 261 у.е.,Сумма 939.52 у.е. — дороже 98% покупок в категории «покупки онлайн»,Категория «покупки онлайн» — частая цель мошенников,2020-05-03 20:40:32,675945690716,shopping_net,939.52,1,3
7e385cf1d30668fcf33e72c2201acd5e,1.0,1,Сумма 859.89 у.е. — дороже 99% покупок в категории «разное онлайн»,За последние сутки по карте уже списано около 1 855 у.е.,Почти новая карта: 10 операций в истории,2020-05-03 22:00:57,340214844585279,misc_net,859.89,1,3
28386f6929e6009831b9910a333c180b,1.0,1,За последние сутки по карте уже списано около 2 060 у.е.,Сумма 869.50 у.е. — дороже 97% покупок в категории «покупки онлайн»,Категория «покупки онлайн» — частая цель мошенников,2020-05-03 22:15:32,675945690716,shopping_net,869.5,1,3
4c1a38881e8a34153a466002a58354d1,1.0,1,За последние сутки по карте уже списано около 3 603 у.е.,Сумма 948.82 у.е. — дороже 98% покупок в категории «покупки онлайн»,Категория «покупки онлайн» — частая цель мошенников,2020-05-03 23:18:18,675945690716,shopping_net,948.82,1,3
8ef330506162b1f9eca5e2a3b818cfe0,1.0,1,Сумма 937.93 у.е. — дороже 98% покупок в категории «покупки онлайн»,Категория «покупки онлайн» — частая цель мошенников,Сумма в 37 раз больше обычной для этого клиента в этой категории (обычно около 25 у.е.),2020-05-04 02:45:02,567868110212,shopping_net,937.93,1,3
192ac36e5a2f606bc9dfe8170bd09da8,1.0,1,Сумма 791.96 у.е. — дороже 99% покупок в категории «разное онлайн»,Серия из 2 операций ночью,За последние сутки по карте уже списано около 450 у.е.,2020-05-04 03:08:54,4469777115158234880,misc_net,791.96,1,3
d3723a494bf539927c65f080d292f74b,1.0,1,За последние сутки по карте уже списано около 2 457 у.е.,Сумма 3 404.22 у.е. — дороже 99% покупок в категории «покупки онлайн»,Категория «покупки онлайн» — частая цель мошенников,2020-05-04 18:16:05,675945690716,shopping_net,3404.22,0,3
c1922008efaddda9f0e6dbde826facd2,1.0,1,За последние сутки по карте уже списано около 1 309 у.е.,Крупная сумма: 770.13 у.е.,Серия из 2 операций ночью,2020-05-04 22:23:22,4469777115158234880,shopping_net,770.13,1,3
6a52789a333496341dc4cbe038e38227,1.0,1,Сумма 1 012.43 у.е. — дороже 99% покупок в категории «покупки в магазине»,За последние сутки по карте уже списано около 767 у.е.,Ночная операция (22:24),2020-05-04 22:24:51,30446018552504,shopping_pos,1012.43,1,3
a72767d34b61073e1766658fe5b57067,1.0,1,Сумма 811.06 у.е. — дороже 99% покупок в категории «разное онлайн»,За последние сутки по карте уже списано около 2 063 у.е.,Серия из 3 операций ночью,2020-05-04 22:34:53,4469777115158234880,misc_net,811.06,1,3
e366deab6af765fc4d0809caa61a1de9,1.0,1,Сумма 867.54 у.е. — дороже 98% покупок в категории «покупки в магазине»,За последние сутки по карте уже списано около 1 471 у.е.,Категория «покупки в магазине» — частая цель мошенников,2020-05-04 22:42:17,3560697798177746,shopping_pos,867.54,1,3
de79a088d09e49ba4ab0f31156f2e4a4,1.0,1,За последние сутки по карте уже списано около 2 886 у.е.,Сумма 800.25 у.е. — дороже 98% покупок в категории «покупки в магазине»,Серия из 5 операций ночью,2020-05-04 23:23:05,4469777115158234880,shopping_pos,800.25,1,3
db890c98ece84a74dd53dce2716798b6,1.0,1,За последние сутки по карте уже списано около 2 484 у.е.,Сумма 893.57 у.е. — дороже 97% покупок в категории «покупки онлайн»,Категория «покупки онлайн» — частая цель мошенников,2020-05-04 23:54:25,3560697798177746,shopping_net,893.57,1,3
c97c3d96a44f427a76f27c945047f12c,1.0,1,Сумма 324.80 у.е. — дороже 99% покупок в категории «продукты в магазине»,Категория «продукты в магазине» — частая цель мошенников,Сумма в 3 раз больше обычной для этого клиента в этой категории (обычно около 101 у.е.),2020-05-05 00:01:13,213163860545705,grocery_pos,324.8,1,3
f92092123f4a142e28b2053ef3d3217a,0.97561,1,Сумма 1 132.30 у.е. — дороже 99% покупок в категории «покупки онлайн»,За последние сутки по карте уже списано около 1 279 у.е.,Категория «покупки онлайн» — частая цель мошенников,2020-05-05 19:45:59,2296006538441789,shopping_net,1132.3,1,3
3704ed7c37e49f3077f38091ef450b53,1.0,1,Сумма 960.87 у.е. — дороже 98% покупок в категории «покупки онлайн»,Категория «покупки онлайн» — частая цель мошенников,Почти новая карта: 3 операций в истории,2020-05-05 20:43:16,4318414072191879,shopping_net,960.87,1,3
2f8745fa5225ea6a3ed75796b5ec798f,1.0,1,За последние сутки по карте уже списано около 2 187 у.е.,Сумма 791.02 у.е. — дороже 99% покупок в категории «разное онлайн»,Категория «разное онлайн» — частая цель мошенников,2020-05-05 22:06:19,2296006538441789,misc_net,791.02,1,3
b47b517e3ce102ad8517940eff1e02da,1.0,1,За последние сутки по карте уже списано около 2 934 у.е.,Сумма 915.63 у.е. — дороже 98% покупок в категории «покупки онлайн»,Категория «покупки онлайн» — частая цель мошенников,2020-05-05 22:27:58,2296006538441789,shopping_net,915.63,1,3
b591f35dc5d6c6c3a3e87af1ac8e773c,1.0,1,Сумма 809.08 у.е. — дороже 97% покупок в категории «покупки онлайн»,Категория «покупки онлайн» — частая цель мошенников,Ночная операция (22:46),2020-05-05 22:46:13,213163860545705,shopping_net,809.08,1,3
3b511d3aaf4e292e800992f65979fad0,1.0,1,За последние сутки по карте уже списано около 3 785 у.е.,Сумма 979.39 у.е. — дороже 98% покупок в категории «покупки онлайн»,Категория «покупки онлайн» — частая цель мошенников,2020-05-05 22:52:19,2296006538441789,shopping_net,979.39,1,3
a7f4a8c4ee014169a8364caec4bab9e2,1.0,1,Сумма 876.79 у.е. — дороже 98% покупок в категории «покупки в магазине»,За последние сутки по карте уже списано около 999 у.е.,Почти новая карта: 5 операций в истории,2020-05-05 23:17:39,4318414072191879,shopping_pos,876.79,1,3
d1d3826ea479f875d24c13cb06a2ec92,1.0,1,За последние сутки по карте уже списано около 1 836 у.е.,Сумма 1 122.40 у.е. — дороже 99% покупок в категории «покупки онлайн»,Почти новая карта: 6 операций в истории,2020-05-05 23:49:02,4318414072191879,shopping_net,1122.4,1,3
2cba079a307eca2f8d34d92ddadb6783,1.0,1,За последние сутки по карте уже списано около 2 078 у.е.,Сумма 1 253.93 у.е. — дороже 99% покупок в категории «покупки онлайн»,Категория «покупки онлайн» — частая цель мошенников,2020-05-06 23:11:57,4536996888716062123,shopping_net,1253.93,1,3
96719479e879ef0319b2f5582a4fcd08,1.0,1,Сумма 1 119.81 у.е. — дороже 99% покупок в категории «покупки онлайн»,За последние сутки по карте уже списано около 1 902 у.е.,Категория «покупки онлайн» — частая цель мошенников,2020-05-06 23:39:05,213163860545705,shopping_net,1119.81,1,3
e42f7118f3fa39f66aff07510ba1904b,1.0,1,Сумма 1 079.31 у.е. — дороже 99% покупок в категории «покупки онлайн»,За последние сутки по карте уже списано около 2 998 у.е.,Категория «покупки онлайн» — частая цель мошенников,2020-05-06 23:50:42,213163860545705,shopping_net,1079.31,1,3
2baf60311c66d77f45127f019920b9c5,1.0,1,Сумма 1 018.90 у.е. — дороже 98% покупок в категории «покупки онлайн»,За последние сутки по карте уже списано около 1 790 у.е.,Категория «покупки онлайн» — частая цель мошенников,2020-05-06 23:59:22,3559723917628303,shopping_net,1018.9,1,3
1ceaa334e081430bd3438fa6a6a993b4,1.0,1,Сумма 1 048.75 у.е. — дороже 99% покупок в категории «покупки онлайн»,Категория «покупки онлайн» — частая цель мошенников,Ночная операция (22:31),2020-05-07 22:31:13,3576207763781753,shopping_net,1048.75,1,3
c091f9a0fec0b3e839a39e5bc9fbaa66,1.0,1,За последние сутки по карте уже списано около 2 561 у.е.,Сумма 1 018.67 у.е. — дороже 98% покупок в категории «покупки онлайн»,Категория «покупки онлайн» — частая цель мошенников,2020-05-07 22:43:01,3559723917628303,shopping_net,1018.67,1,3
35bd593e397e4cb12e70529b8fde4fd0,1.0,1,Сумма 1 084.53 у.е. — дороже 99% покупок в категории «покупки в магазине»,За последние сутки по карте уже списано около 1 177 у.е.,Почти новая карта: 2 операций в истории,2020-05-07 22:43:37,3576207763781753,shopping_pos,1084.53,1,3
10c8e5bb6e15163e9d5797da238ba7b9,1.0,1,За последние сутки по карте уже списано около 2 468 у.е.,Сумма 1 141.04 у.е. — дороже 99% покупок в категории «покупки онлайн»,Категория «покупки онлайн» — частая цель мошенников,2020-05-07 23:24:09,4536996888716062123,shopping_net,1141.04,1,3
dcb29303ace0620d09df56aa296bbfb5,1.0,1,За последние сутки по карте уже списано около 3 550 у.е.,Сумма 1 077.67 у.е. — дороже 99% покупок в категории «покупки онлайн»,Категория «покупки онлайн» — частая цель мошенников,2020-05-07 23:48:02,4536996888716062123,shopping_net,1077.67,1,3
6585dec1d7f880543fd3f09fc8ce117c,1.0,1,Сумма 1 045.55 у.е. — дороже 99% покупок в категории «покупки онлайн»,Категория «покупки онлайн» — частая цель мошенников,Сумма в 130 раз больше обычной для этого клиента в этой категории (обычно около 8 у.е.),2020-05-08 14:07:46,3565996340207976,shopping_net,1045.55,1,3
67d5128cb7b432991b2aeb20f29c1652,1.0,1,Сумма 1 034.52 у.е. — дороже 99% покупок в категории «покупки онлайн»,За последние сутки по карте уже списано около 1 335 у.е.,Категория «покупки онлайн» — частая цель мошенников,2020-05-08 22:44:49,3576207763781753,shopping_net,1034.52,1,3
49cfb1b62a618d60f161410021a0ca98,1.0,1,Сумма 965.86 у.е. — дороже 98% покупок в категории «покупки онлайн»,За последние сутки по карте уже списано около 1 000 у.е.,Категория «покупки онлайн» — частая цель мошенников,2020-05-08 23:00:54,3565996340207976,shopping_net,965.86,1,3
487c9a59f1c6af35b2c1653da44eb21e,1.0,1,Сумма 926.93 у.е. — дороже 99% покупок в категории «покупки в магазине»,За последние сутки по карте уже списано около 1 944 у.е.,Серия из 2 операций ночью,2020-05-08 23:17:34,3565996340207976,shopping_pos,926.93,1,3
445edceebe164471aeca587b38a3adf5,1.0,1,За последние сутки по карте уже списано около 2 296 у.е.,Сумма 1 160.93 у.е. — дороже 99% покупок в категории «покупки онлайн»,Почти новая карта: 8 операций в истории,2020-05-08 23:36:37,3576207763781753,shopping_net,1160.93,1,3
d5ece335b897e49311482f112488e3c2,1.0,1,Сумма 1 026.44 у.е. — дороже 99% покупок в категории «покупки в магазине»,Клиент почти не платит с 0 до 4 часов: около 8% его операций,Категория «покупки в магазине» — частая цель мошенников,2020-05-09 01:04:05,676326610042,shopping_pos,1026.44,1,3
2d70c51b95a97927309fd1bd46c0c046,1.0,1,Сумма 1 170.12 у.е. — дороже 99% покупок в категории «покупки онлайн»,За последние сутки по карте уже списано около 1 478 у.е.,Категория «покупки онлайн» — частая цель мошенников,2020-05-09 22:06:19,3565996340207976,shopping_net,1170.12,1,3
0de8b580e4b8eac738f3b8d7d539d6fd,1.0,1,За последние сутки по карте уже списано около 3 471 у.е.,Сумма 1 125.43 у.е. — дороже 99% покупок в категории «покупки онлайн»,Категория «покупки онлайн» — частая цель мошенников,2020-05-09 22:48:21,3565996340207976,shopping_net,1125.43,1,3
e3ed838de57bab534ad6bb8c27f436be,1.0,1,Сумма 1 016.08 у.е. — дороже 98% покупок в категории «покупки онлайн»,Категория «покупки онлайн» — частая цель мошенников,За последние сутки по карте уже списано около 983 у.е.,2020-05-09 23:01:40,4893092478075970,shopping_net,1016.08,1,3
b9772b11449d73efd327e55ac6160624,1.0,1,Сумма 1 100.62 у.е. — дороже 99% покупок в категории «покупки онлайн»,За последние сутки по карте уже списано около 1 958 у.е.,Почти новая карта: 3 операций в истории,2020-05-09 23:31:43,4893092478075970,shopping_net,1100.62,1,3
ed62d7472da19f93909861f6cd868d9b,1.0,1,Сумма 971.53 у.е. — дороже 98% покупок в категории «покупки онлайн»,За последние сутки по карте уже списано около 2 759 у.е.,Категория «покупки онлайн» — частая цель мошенников,2020-05-10 03:47:47,676326610042,shopping_net,971.53,1,3
65442ccc7af616bfd304a0b229d9a7df,1.0,1,Сумма 1 043.58 у.е. — дороже 99% покупок в категории «покупки онлайн»,За последние сутки по карте уже списано около 2 614 у.е.,Категория «покупки онлайн» — частая цель мошенников,2020-05-10 14:18:55,2229824890647120,shopping_net,1043.58,1,3
878f9028aab3f989684fb0963f4e20cd,1.0,1,Сумма 1 147.75 у.е. — дороже 99% покупок в категории «покупки онлайн»,За последние сутки по карте уже списано около 1 198 у.е.,Почти новая карта: 4 операций в истории,2020-05-10 22:01:43,4893092478075970,shopping_net,1147.75,1,3
8c8dec328d4e35eb0d93174b7047df27,1.0,1,Сумма 1 167.35 у.е. — дороже 99% покупок в категории «покупки онлайн»,За последние сутки по карте уже списано около 2 294 у.е.,Почти новая карта: 5 операций в истории,2020-05-10 22:33:34,4893092478075970,shopping_net,1167.35,1,3
14498ac75615214f4e091c25afcb9fcc,1.0,1,За последние сутки по карте уже списано около 3 521 у.е.,Сумма 1 038.80 у.е. — дороже 99% покупок в категории «покупки онлайн»,Категория «покупки онлайн» — частая цель мошенников,2020-05-10 23:21:36,2229824890647120,shopping_net,1038.8,1,3
a24fc61170ce70242450d36e24b85948,1.0,1,За последние сутки по карте уже списано около 4 158 у.е.,Сумма 1 036.79 у.е. — дороже 99% покупок в категории «покупки онлайн»,Категория «покупки онлайн» — частая цель мошенников,2020-05-10 23:51:44,4893092478075970,shopping_net,1036.79,1,3
269bf6f2001bc9227884d39c79b45a01,1.0,1,За последние сутки по карте уже списано около 5 167 у.е.,Сумма 980.43 у.е. — дороже 98% покупок в категории «покупки онлайн»,Серия из 6 операций ночью,2020-05-10 23:59:20,4893092478075970,shopping_net,980.43,1,3
5bbabd619212a26953118c52e92682cd,1.0,1,Сумма 772.08 у.е. — дороже 98% покупок в категории «покупки в магазине»,Категория «покупки в магазине» — частая цель мошенников,Серия из 2 операций ночью,2020-05-11 00:42:49,4452366298769043,shopping_pos,772.08,1,3
d3740ff227fa3a9777c0a9e45c450613,1.0,1,Сумма 840.01 у.е. — дороже 99% покупок в категории «разное онлайн»,Серия из 3 операций ночью,За последние сутки по карте уже списано около 1 024 у.е.,2020-05-11 00:49:33,4452366298769043,misc_net,840.01,1,3
b3e1ce617ce14805f5c9903682a7f941,1.0,1,Сумма 1 046.12 у.е. — дороже 99% покупок в категории «разное онлайн»,За последние сутки по карте уже списано около 1 251 у.е.,Серия из 4 операций ночью,2020-05-11 01:46:53,30408301059761,misc_net,1046.12,1,3
8b49442c96f3f8f8ccc0ed5fd903fddb,1.0,1,Сумма 742.96 у.е. — дороже 98% покупок в категории «разное онлайн»,Категория «разное онлайн» — частая цель мошенников,Ночная операция (22:23),2020-05-11 22:23:35,3568736585751727,misc_net,742.96,1,3
e6df1f254aa9b9933e067c33f1d65aa2,1.0,1,Сумма 872.60 у.е. — дороже 99% покупок в категории «разное онлайн»,Категория «разное онлайн» — частая цель мошенников,Ночная операция (22:28),2020-05-11 22:28:19,213198837352314,misc_net,872.6,1,3
75ea0ee70b596acd014b35434084dab0,1.0,1,Сумма 845.67 у.е. — дороже 97% покупок в категории «покупки онлайн»,За последние сутки по карте уже списано около 1 098 у.е.,Категория «покупки онлайн» — частая цель мошенников,2020-05-11 23:04:50,30408301059761,shopping_net,845.67,1,3
d1762680d7a05e25fa0963d783c4d10b,1.0,1,Сумма 849.25 у.е. — дороже 99% покупок в категории «разное онлайн»,Категория «разное онлайн» — частая цель мошенников,Ночная операция (23:05),2020-05-11 23:05:44,3501285649323933,misc_net,849.25,1,3
b632cf9bbf01a075fee5a6dd35d92191,1.0,1,Сумма 821.98 у.е. — дороже 99% покупок в категории «разное онлайн»,За последние сутки по карте уже списано около 1 306 у.е.,Серия из 3 операций ночью,2020-05-11 23:09:19,213198837352314,misc_net,821.98,1,3
b979a75d14f757fa06ee78a500b93f41,1.0,1,Сумма 850.60 у.е. — дороже 99% покупок в категории «разное онлайн»,За последние сутки по карте уже списано около 2 099 у.е.,Серия из 4 операций ночью,2020-05-11 23:29:09,213198837352314,misc_net,850.6,1,3
1db03acf6eedb982fd12811d2646fa05,1.0,1,Сумма 1 021.72 у.е. — дороже 98% покупок в категории «покупки онлайн»,Категория «покупки онлайн» — частая цель мошенников,За последние сутки по карте уже списано около 689 у.е.,2020-05-12 13:37:22,3501285649323933,shopping_net,1021.72,1,3
41cb141b1f07c3e98fbaf81cb3cc767a,1.0,1,Сумма 1 134.90 у.е. — дороже 99% покупок в категории «покупки в магазине»,За последние сутки по карте уже списано около 619 у.е.,Ночная операция (22:22),2020-05-12 22:22:26,4575255480814133,shopping_pos,1134.9,1,3
b3f27a2f0f51180dd7c64a081f9da30d,1.0,1,Сумма 924.62 у.е. — дороже 99% покупок в категории «покупки в магазине»,За последние сутки по карте уже списано около 1 150 у.е.,Почти новая карта: 6 операций в истории,2020-05-12 23:08:55,3501285649323933,shopping_pos,924.62,1,3
49588720c67797c7c690417b8f5aadb6,1.0,1,Сумма 930.44 у.е. — дороже 99% покупок в категории «разное онлайн»,За последние сутки по карте уже списано около 2 068 у.е.,Почти новая карта: 7 операций в истории,2020-05-12 23:13:22,3501285649323933,misc_net,930.44,1,3
e2f3b781af220526741c7c39562fd8fe,1.0,1,Сумма 968.90 у.е. — дороже 98% покупок в категории «покупки онлайн»,За последние сутки по карте уже списано около 1 338 у.е.,Категория «покупки онлайн» — частая цель мошенников,2020-05-12 23:32:00,213198837352314,shopping_net,968.9,1,3
d047231d08ba22e60b6ff3b9fc0a50db,1.0,1,Сумма 1 051.89 у.е. — дороже 99% покупок в категории «покупки онлайн»,За последние сутки по карте уже списано около 2 300 у.е.,Категория «покупки онлайн» — частая цель мошенников,2020-05-12 23:36:33,213198837352314,shopping_net,1051.89,1,3
5740ca962dd5d84e7ef65bc8bf64b70e,1.0,1,Сумма 1 108.02 у.е. — дороже 99% покупок в категории «покупки онлайн»,За последние сутки по карте уже списано около 3 345 у.е.,Категория «покупки онлайн» — частая цель мошенников,2020-05-12 23:39:21,213198837352314,shopping_net,1108.02,1,3
bc86c330b0496c3963fccbb69aefcf35,1.0,1,Сумма 937.55 у.е. — дороже 98% покупок в категории «покупки онлайн»,За последние сутки по карте уже списано около 1 903 у.е.,Категория «покупки онлайн» — частая цель мошенников,2020-05-12 23:40:48,3568736585751727,shopping_net,937.55,1,3
275cd335eeb6ac9106092a7116790429,1.0,1,Сумма 919.80 у.е. — дороже 99% покупок в категории «покупки в магазине»,За последние сутки по карте уже списано около 2 929 у.е.,Почти новая карта: 8 операций в истории,2020-05-12 23:47:18,3501285649323933,shopping_pos,919.8,1,3
b8cb77ab384ed26f935b51a3ee6189cc,1.0,1,Сумма 1 129.40 у.е. — дороже 99% покупок в категории «покупки онлайн»,За последние сутки по карте уже списано около 1 695 у.е.,Категория «покупки онлайн» — частая цель мошенников,2020-05-13 22:11:49,4575255480814133,shopping_net,1129.4,1,3
b7b355ed8fdeb4b314cecafbea686156,1.0,1,Сумма 1 175.82 у.е. — дороже 99% покупок в категории «покупки онлайн»,За последние сутки по карте уже списано около 1 259 у.е.,Категория «покупки онлайн» — частая цель мошенников,2020-05-13 22:24:29,3561212938177173,shopping_net,1175.82,1,3
ccb1f4dadc485a08a6a62d99c3067ba4,1.0,1,За последние сутки по карте уже списано около 3 268 у.е.,Сумма 1 095.97 у.е. — дороже 99% покупок в категории «покупки онлайн»,Категория «покупки онлайн» — частая цель мошенников,2020-05-13 23:15:07,3561212938177173,shopping_net,1095.97,1,3
651f92c5d47160882a67a852c8f22ec8,1.0,1,Сумма 983.46 у.е. — дороже 98% покупок в категории «покупки онлайн»,За последние сутки по карте уже списано около 2 681 у.е.,Категория «покупки онлайн» — частая цель мошенников,2020-05-13 23:26:48,4575255480814133,shopping_net,983.46,1,3
381403a917eff991f27247f6c95d356f,1.0,1,Сумма 290.71 у.е. — дороже 99% покупок в категории «продукты в магазине»,За последние сутки по карте уже списано около 5 338 у.е.,Категория «продукты в магазине» — частая цель мошенников,2020-05-14 00:23:40,3561212938177173,grocery_pos,290.71,1,3
80325c35802533a543f31675873ada0e,1.0,1,Сумма 303.77 у.е. — дороже 99% покупок в категории «продукты в магазине»,Категория «продукты в магазине» — частая цель мошенников,За последние сутки по карте уже списано около 900 у.е.,2020-05-14 02:16:29,4745996322265,grocery_pos,303.77,1,3
58f46e9fa474214e8443e77a28ef5d88,1.0,1,За последние сутки по карте уже списано около 3 198 у.е.,Сумма 876.91 у.е. — дороже 97% покупок в категории «покупки онлайн»,Категория «покупки онлайн» — частая цель мошенников,2020-05-14 13:57:40,3561212938177173,shopping_net,876.91,1,3
d05353a7956af90a9a4bbe1ba50cf2d5,1.0,1,За последние сутки по карте уже списано около 2 875 у.е.,Сумма 1 074.14 у.е. — дороже 99% покупок в категории «покупки онлайн»,Категория «покупки онлайн» — частая цель мошенников,2020-05-14 22:19:53,3561212938177173,shopping_net,1074.14,1,3
42b5333784b7efcb3216cc606be17508,1.0,1,Сумма 1 276.77 у.е. — дороже 99% покупок в категории «покупки онлайн»,Категория «покупки онлайн» — частая цель мошенников,За последние сутки по карте уже списано около 494 у.е.,2020-05-14 23:53:49,4745996322265,shopping_net,1276.77,1,3
05cedaf283813f29b48e41455cb8675c,0.75,1,Сумма 742.58 у.е. — дороже 98% покупок в категории «разное онлайн»,Серия из 2 операций ночью,Клиент почти не платит с 0 до 4 часов: около 10% его операций,2020-05-15 00:16:39,370877495212014,misc_net,742.58,0,3
6d6e0669975c58ff5e217ce080a7b49d,1.0,1,Сумма 880.28 у.е. — дороже 99% покупок в категории «разное онлайн»,За последние сутки по карте уже списано около 875 у.е.,Категория «разное онлайн» — частая цель мошенников,2020-05-15 22:20:56,4745996322265,misc_net,880.28,1,3
0a6ef0c56c29090adfab0680f3590e2d,1.0,1,За последние сутки по карте уже списано около 1 751 у.е.,Сумма 848.37 у.е. — дороже 97% покупок в категории «покупки онлайн»,Категория «покупки онлайн» — частая цель мошенников,2020-05-15 22:24:37,4745996322265,shopping_net,848.37,1,3
6172450379ece82a246b261ad162ade7,1.0,1,За последние сутки по карте уже списано около 2 589 у.е.,Сумма 1 055.81 у.е. — дороже 99% покупок в категории «покупки онлайн»,Категория «покупки онлайн» — частая цель мошенников,2020-05-15 22:30:04,4745996322265,shopping_net,1055.81,1,3
e36304545f465cc613562897d8419eff,1.0,1,За последние сутки по карте уже списано около 3 605 у.е.,Сумма 1 044.58 у.е. — дороже 99% покупок в категории «покупки онлайн»,Категория «покупки онлайн» — частая цель мошенников,2020-05-15 22:46:09,4745996322265,shopping_net,1044.58,1,3
b98f570920335c3fe8859f22237f6dda,1.0,1,Сумма 965.54 у.е. — дороже 99% покупок в категории «покупки в магазине»,Категория «покупки в магазине» — частая цель мошенников,Сумма в 58 раз больше обычной для этого клиента в этой категории (обычно около 17 у.е.),2020-05-16 02:02:16,30103132002433,shopping_pos,965.54,1,3
f5f8aecced91b7d5f56ae2ec4033c68a,1.0,1,Сумма 832.03 у.е. — дороже 99% покупок в категории «разное онлайн»,Категория «разное онлайн» — частая цель мошенников,Сумма в 52 раз больше обычной для этого клиента в этой категории (обычно около 16 у.е.),2020-05-16 21:12:11,30153452207526,misc_net,832.03,1,3
fbbac5c56e5e69a2c6ef9258afd8c871,1.0,1,Сумма 763.71 у.е. — дороже 98% покупок в категории «разное онлайн»,Категория «разное онлайн» — частая цель мошенников,За последние сутки по карте уже списано около 971 у.е.,2020-05-16 22:03:21,30153452207526,misc_net,763.71,1,3
cd0a050e2f737752cfadc0cdd741353c,1.0,1,Сумма 952.66 у.е. — дороже 98% покупок в категории «покупки онлайн»,За последние сутки по карте уже списано около 1 720 у.е.,Категория «покупки онлайн» — частая цель мошенников,2020-05-16 22:15:01,30153452207526,shopping_net,952.66,1,3
08cb522038cf06a9fbf4e6582048d858,1.0,1,Сумма 1 018.71 у.е. — дороже 98% покупок в категории «покупки онлайн»,За последние сутки по карте уже списано около 2 534 у.е.,Категория «покупки онлайн» — частая цель мошенников,2020-05-16 23:38:10,30153452207526,shopping_net,1018.71,1,3
e42262403fb74d80f1fa35bd578f7dbb,1.0,1,Сумма 356.34 у.е. — дороже 99% покупок в категории «продукты в магазине»,Категория «продукты в магазине» — частая цель мошенников,Серия из 2 операций ночью,2020-05-17 00:17:43,30103132002433,grocery_pos,356.34,1,3
73662dab78c15a4b85080cf382b1f3b2,1.0,1,Сумма 468.61 у.е. — дороже 99% покупок в категории «развлечения»,За последние сутки по карте уже списано около 1 039 у.е.,Категория «развлечения» — частая цель мошенников,2020-05-17 00:35:27,30103132002433,entertainment,468.61,1,3
f44e80894f17f088c7df45614c42bf6e,1.0,1,Категория «продукты в магазине» — частая цель мошенников,Сумма 324.74 у.е. — дороже 99% покупок в категории «продукты в магазине»,Сумма в 3 раз больше обычной для этого клиента в этой категории (обычно около 95 у.е.),2020-05-17 06:44:29,374821819075109,grocery_pos,324.74,1,3
092be3e22382f3ef8ce11e6255f06405,1.0,1,Сумма 769.35 у.е. — дороже 98% покупок в категории «покупки в магазине»,За последние сутки по карте уже списано около 1 062 у.е.,Категория «покупки в магазине» — частая цель мошенников,2020-05-17 11:16:29,30103132002433,shopping_pos,769.35,1,3
cef45c6f66e3a441698faeeeafe9da88,1.0,1,Сумма 921.48 у.е. — дороже 98% покупок в категории «покупки онлайн»,За последние сутки по карте уже списано около 1 697 у.е.,Категория «покупки онлайн» — частая цель мошенников,2020-05-17 17:21:59,30153452207526,shopping_net,921.48,1,3
4f50021703929fe892a94e4d9aef2c29,1.0,1,Сумма 982.10 у.е. — дороже 99% покупок в категории «покупки в магазине»,За последние сутки по карте уже списано около 2 145 у.е.,Ночная операция (22:09),2020-05-17 22:09:02,30153452207526,shopping_pos,982.1,1,3
ce156ae148d72ae80aa1d5e7080746da,1.0,1,Сумма 943.99 у.е. — дороже 99% покупок в категории «покупки в магазине»,Ночная операция (22:22),Категория «покупки в магазине» — частая цель мошенников,2020-05-17 22:22:23,374821819075109,shopping_pos,943.99,1,3
ddd340acf11a5910655d0a65341c916d,1.0,1,Сумма 925.87 у.е. — дороже 99% покупок в категории «покупки в магазине»,За последние сутки по карте уже списано около 3 016 у.е.,Категория «покупки в магазине» — частая цель мошенников,2020-05-17 23:01:22,30153452207526,shopping_pos,925.87,1,3
745736f4ae84a71ea873364f2a37d4c1,0.323529,1,Сумма 696.33 у.е. — дороже 98% покупок в категории «разное онлайн»,За последние сутки по карте уже списано около 359 у.е.,Клиент редко покупает в категории «разное онлайн»: около 5% его операций,2020-05-18 01:23:16,30143535920989,misc_net,696.33,1,3
34c81b6f0203118cbadd6b5f7dbdd4cf,1.0,1,Сумма 317.68 у.е. — дороже 99% покупок в категории «продукты в магазине»,Категория «продукты в магазине» — частая цель мошенников,Сумма в 3 раз больше обычной для этого клиента в этой категории (обычно около 125 у.е.),2020-05-18 02:24:49,30175986190993,grocery_pos,317.68,1,3
52191f24415c5c601af19c65758c4151,1.0,1,Сумма 295.43 у.е. — дороже 99% покупок в категории «продукты в магазине»,Категория «продукты в магазине» — частая цель мошенников,За последние сутки по карте уже списано около 1 015 у.е.,2020-05-18 03:36:25,374821819075109,grocery_pos,295.43,1,3
ecfd0ea11ffa563e5b4afdf188790113,0.166667,1,Сумма 269.18 у.е. — дороже 99% покупок в категории «продукты в магазине»,Категория «продукты в магазине» — частая цель мошенников,Серия из 2 операций ночью,2020-05-18 03:48:26,4836998673805450,grocery_pos,269.18,0,3
198a054126e919f7d8c9949764272893,1.0,1,Сумма 307.86 у.е. — дороже 99% покупок в категории «продукты в магазине»,Категория «продукты в магазине» — частая цель мошенников,Сумма в 2 раз больше обычной для этого клиента в этой категории (обычно около 126 у.е.),2020-05-18 04:34:37,30175986190993,grocery_pos,307.86,1,3
518bfda4237c61c64e6de0d603016031,1.0,1,Сумма 905.00 у.е. — дороже 99% покупок в категории «разное онлайн»,Категория «разное онлайн» — частая цель мошенников,За последние сутки по карте уже списано около 393 у.е.,2020-05-18 19:59:21,30175986190993,misc_net,905.0,1,3
2f44932e20e1c91c7c48f73a9ba09ba4,1.0,1,Сумма 991.91 у.е. — дороже 98% покупок в категории «покупки онлайн»,Категория «покупки онлайн» — частая цель мошенников,Ночная операция (22:43),2020-05-18 22:43:41,374821819075109,shopping_net,991.91,1,3
d6c860690c50c5cd0855b56dd395a5e8,0.75,1,Сумма 356.59 у.е. — дороже 99% покупок в категории «товары для дома»,За последние сутки по карте уже списано около 1 116 у.е.,Ночная операция (23:36),2020-05-18 23:36:36,30175986190993,home,356.59,1,3
a7018c2d3b2602978c9c2f4caab315ba,1.0,1,Сумма 936.88 у.е. — дороже 99% покупок в категории «покупки в магазине»,Серия из 2 операций ночью,За последние сутки по карте уже списано около 425 у.е.,2020-05-18 23:44:14,30143535920989,shopping_pos,936.88,1,3
42b7a4864dd0381f660cf4bf7255ad42,1.0,1,Сумма 1 057.68 у.е. — дороже 99% покупок в категории «покупки онлайн»,Категория «покупки онлайн» — частая цель мошенников,За последние сутки по карте уже списано около 799 у.е.,2020-05-19 01:50:53,3528407217576457,shopping_net,1057.68,1,3
2205d8c4531fa2024ea9db9d0a982095,0.97561,1,За последние сутки по карте уже списано около 2 080 у.е.,Сумма 774.77 у.е. — дороже 99% покупок в категории «разное в магазине»,"В последние дни клиент тратит примерно в 3 раз крупнее, чем обычно",2020-05-19 11:27:34,30143535920989,misc_pos,774.77,1,3
b9ce8d2994e8d0b3039697135a732d3a,1.0,1,Сумма 936.33 у.е. — дороже 99% покупок в категории «разное онлайн»,Ночная операция (22:19),За последние сутки по карте уже списано около 842 у.е.,2020-05-19 22:19:53,30175986190993,misc_net,936.33,1,3
f26ee02380ed53c60d308999dd27fb75,1.0,1,Сумма 1 080.21 у.е. — дороже 99% покупок в категории «покупки онлайн»,Категория «покупки онлайн» — частая цель мошенников,Ночная операция (22:45),2020-05-19 22:45:19,639077309909,shopping_net,1080.21,1,3
c6e7095d9b92b76f0ad97077f2b9238d,1.0,1,Сумма 986.70 у.е. — дороже 99% покупок в категории «покупки в магазине»,За последние сутки по карте уже списано около 2 179 у.е.,Серия из 2 операций ночью,2020-05-19 23:15:05,30143535920989,shopping_pos,986.7,1,3
82c08deafb2f27943b9a5d0a76184cb4,1.0,1,Сумма 878.13 у.е. — дороже 98% покупок в категории «покупки в магазине»,За последние сутки по карте уже списано около 1 078 у.е.,Серия из 3 операций ночью,2020-05-19 23:31:08,639077309909,shopping_pos,878.13,1,3
8485e96e1d7663a51a4660abed03d14f,1.0,1,Сумма 876.21 у.е. — дороже 98% покупок в категории «покупки в магазине»,За последние сутки по карте уже списано около 1 945 у.е.,Серия из 4 операций ночью,2020-05-19 23:39:46,639077309909,shopping_pos,876.21,1,3
d2a83509d65f1d2f55185a7ee69ef0c5,1.0,1,Сумма 864.69 у.е. — дороже 98% покупок в категории «покупки в магазине»,За последние сутки по карте уже списано около 2 811 у.е.,Серия из 5 операций ночью,2020-05-19 23:44:47,639077309909,shopping_pos,864.69,1,3
4ba5717e8c471b17701c9c10f74d7b1e,1.0,1,Сумма 843.70 у.е. — дороже 99% покупок в категории «разное онлайн»,За последние сутки по карте уже списано около 1 662 у.е.,Категория «разное онлайн» — частая цель мошенников,2020-05-19 23:57:04,30175986190993,misc_net,843.7,1,3
1a1fbac81533ac210d4790b41fbd661a,1.0,1,Сумма 325.16 у.е. — дороже 99% покупок в категории «продукты в магазине»,Категория «продукты в магазине» — частая цель мошенников,За последние сутки по карте уже списано около 934 у.е.,2020-05-20 01:18:56,3528407217576457,grocery_pos,325.16,1,3
ad3338c1a9238e812085e1a3677bffdc,1.0,1,Сумма 300.56 у.е. — дороже 99% покупок в категории «продукты в магазине»,Категория «продукты в магазине» — частая цель мошенников,Клиент почти не платит с 0 до 4 часов: около 7% его операций,2020-05-20 03:31:35,3567697931646329,grocery_pos,300.56,1,3
fd454f3fa3214e1af7b7ac6d4b65dab5,1.0,1,Сумма 260.11 у.е. — дороже 99% покупок в категории «продукты в магазине»,Категория «продукты в магазине» — частая цель мошенников,За последние сутки по карте уже списано около 1 405 у.е.,2020-05-20 22:49:45,639077309909,grocery_pos,260.11,1,3
989a98596505fc25156048f248ac3b59,1.0,1,Сумма 922.16 у.е. — дороже 98% покупок в категории «покупки онлайн»,Категория «покупки онлайн» — частая цель мошенников,Ночная операция (22:10),2020-05-21 22:10:52,4220495028289516646,shopping_net,922.16,1,3
58ce407c467dab67a119079c705d292d,1.0,1,Сумма 935.43 у.е. — дороже 98% покупок в категории «покупки онлайн»,За последние сутки по карте уже списано около 708 у.е.,Категория «покупки онлайн» — частая цель мошенников,2020-05-21 22:42:37,4239436242473,shopping_net,935.43,1,3
7e99073cc696af18d73269b72514cc11,1.0,1,За последние сутки по карте уже списано около 1 639 у.е.,Сумма 898.90 у.е. — дороже 97% покупок в категории «покупки онлайн»,Серия из 3 операций ночью,2020-05-21 22:46:31,4239436242473,shopping_net,898.9,1,3
41ea752fbd8811cc67a30f37c73ce264,1.0,1,За последние сутки по карте уже списано около 2 480 у.е.,Сумма 859.23 у.е. — дороже 98% покупок в категории «покупки в магазине»,Серия из 4 операций ночью,2020-05-21 23:19:53,4239436242473,shopping_pos,859.23,1,3
04d780ba285a9bf0d182862bda2e3050,1.0,1,Сумма 990.30 у.е. — дороже 98% покупок в категории «покупки онлайн»,За последние сутки по карте уже списано около 1 071 у.е.,Категория «покупки онлайн» — частая цель мошенников,2020-05-21 23:27:59,3567697931646329,shopping_net,990.3,1,3
147db9534fd0520c679ebcfaa039e75d,1.0,1,Сумма 338.93 у.е. — дороже 99% покупок в категории «продукты в магазине»,За последние сутки по карте уже списано около 1 888 у.е.,Категория «продукты в магазине» — частая цель мошенников,2020-05-22 04:32:41,4220495028289516646,grocery_pos,338.93,1,3
d50cc9b3bb6484d80b5b155cde35074b,1.0,1,Сумма 900.29 у.е. — дороже 97% покупок в категории «покупки онлайн»,Категория «покупки онлайн» — частая цель мошенников,Сумма в 65 раз больше обычной для этого клиента в этой категории (обычно около 14 у.е.),2020-05-22 16:23:08,4969856774088583,shopping_net,900.29,1,3
caa8381f49bb280bb01ee1c2270df1f1,1.0,1,Сумма 750.87 у.е. — дороже 98% покупок в категории «разное онлайн»,За последние сутки по карте уже списано около 1 501 у.е.,Категория «разное онлайн» — частая цель мошенников,2020-05-22 21:07:35,4239436242473,misc_net,750.87,1,3
99095d879eb43292c26415e036a136c0,1.0,1,Сумма 753.02 у.е. — дороже 98% покупок в категории «разное онлайн»,За последние сутки по карте уже списано около 975 у.е.,Категория «разное онлайн» — частая цель мошенников,2020-05-22 23:12:17,4969856774088583,misc_net,753.02,1,3
c0be6e4e2c13e37c3338b411ad8247e5,1.0,1,Сумма 1 128.68 у.е. — дороже 99% покупок в категории «покупки онлайн»,Категория «покупки онлайн» — частая цель мошенников,За последние сутки по карте уже списано около 1 002 у.е.,2020-05-22 23:41:54,4220495028289516646,shopping_net,1128.68,1,3
7846de83075a0d761f1e423e3a1e80d5,1.0,1,Сумма 342.42 у.е. — дороже 99% покупок в категории «продукты в магазине»,Категория «продукты в магазине» — частая цель мошенников,Серия из 3 операций ночью,2020-05-23 01:14:43,348789608637806,grocery_pos,342.42,1,3
fb25c3715578c1518047ad8090f5b531,1.0,1,Сумма 886.79 у.е. — дороже 97% покупок в категории «покупки онлайн»,Категория «покупки онлайн» — частая цель мошенников,За последние сутки по карте уже списано около 791 у.е.,2020-05-23 18:05:37,4969856774088583,shopping_net,886.79,1,3
267056dfdf3637e3fe26e8a45c746fd3,1.0,1,Сумма 915.92 у.е. — дороже 98% покупок в категории «покупки онлайн»,За последние сутки по карте уже списано около 1 424 у.е.,Категория «покупки онлайн» — частая цель мошенников,2020-05-23 22:02:00,4969856774088583,shopping_net,915.92,1,3
86cb896e539a611b5b756450f8a309ae,1.0,1,Сумма 841.63 у.е. — дороже 99% покупок в категории «разное онлайн»,За последние сутки по карте уже списано около 2 272 у.е.,Категория «разное онлайн» — частая цель мошенников,2020-05-23 22:44:02,4969856774088583,misc_net,841.63,1,3
64f732856b646254d0cdaa585eb981ac,1.0,1,Сумма 942.36 у.е. — дороже 99% покупок в категории «покупки в магазине»,За последние сутки по карте уже списано около 2 974 у.е.,Категория «покупки в магазине» — частая цель мошенников,2020-05-23 23:50:20,4969856774088583,shopping_pos,942.36,1,3
7bec4f4c82567e8b9d740bd5dcd72443,1.0,1,Сумма 928.15 у.е. — дороже 98% покупок в категории «покупки онлайн»,Категория «покупки онлайн» — частая цель мошенников,Сумма в 80 раз больше обычной для этого клиента в этой категории (обычно около 12 у.е.),2020-05-24 12:52:07,348789608637806,shopping_net,928.15,1,3
ac505bbbf5d07ad0542e129c2af7ed1a,1.0,1,Сумма 939.80 у.е. — дороже 99% покупок в категории «покупки в магазине»,Категория «покупки в магазине» — частая цель мошенников,Сумма в 91 раз больше обычной для этого клиента в этой категории (обычно около 10 у.е.),2020-05-24 21:11:09,5388659976630693,shopping_pos,939.8,1,3
6ba3c9a2df1639c95205d6ce2df904c3,1.0,1,За последние сутки по карте уже списано около 2 592 у.е.,Сумма 919.05 у.е. — дороже 98% покупок в категории «покупки онлайн»,Категория «покупки онлайн» — частая цель мошенников,2020-05-24 22:38:45,5388659976630693,shopping_net,919.05,1,3
ab0a35d806877d22d47f1425309588d9,1.0,1,Сумма 958.14 у.е. — дороже 99% покупок в категории «покупки в магазине»,Категория «покупки в магазине» — частая цель мошенников,Ночная операция (22:39),2020-05-24 22:39:42,3558652751678952,shopping_pos,958.14,1,3
dc635a9d94c18d0656b68e1cd74fde58,1.0,1,Сумма 973.54 у.е. — дороже 98% покупок в категории «покупки онлайн»,За последние сутки по карте уже списано около 3 455 у.е.,Категория «покупки онлайн» — частая цель мошенников,2020-05-24 23:11:17,348789608637806,shopping_net,973.54,1,3
92f17227d21733ca91bcd49dc1850794,1.0,1,Сумма 951.26 у.е. — дороже 98% покупок в категории «покупки онлайн»,Категория «покупки онлайн» — частая цель мошенников,За последние сутки по карте уже списано около 945 у.е.,2020-05-24 23:13:26,2706977570537524,shopping_net,951.26,1,3
f239ed1eac768f8637dfd3940c54b8fd,1.0,1,Сумма 992.74 у.е. — дороже 98% покупок в категории «покупки онлайн»,За последние сутки по карте уже списано около 1 456 у.е.,Категория «покупки онлайн» — частая цель мошенников,2020-05-24 23:14:39,4433091568498503,shopping_net,992.74,1,3
1b5e348df14b4893c6b417d75e6483fd,1.0,1,Сумма 1 126.32 у.е. — дороже 99% покупок в категории «покупки онлайн»,За последние сутки по карте уже списано около 3 379 у.е.,Категория «покупки онлайн» — частая цель мошенников,2020-05-24 23:34:13,5388659976630693,shopping_net,1126.32,1,3
7894cf4dabf9cbddd5a757a0550d2c97,1.0,1,За последние сутки по карте уже списано около 4 503 у.е.,Сумма 1 015.91 у.е. — дороже 98% покупок в категории «покупки онлайн»,Категория «покупки онлайн» — частая цель мошенников,2020-05-24 23:34:54,5388659976630693,shopping_net,1015.91,1,3
1691d9d561f77b5e4e092488b2f35edb,1.0,1,Сумма 1 010.03 у.е. — дороже 99% покупок в категории «покупки в магазине»,За последние сутки по карте уже списано около 2 402 у.е.,Серия из 3 операций ночью,2020-05-24 23:42:32,4433091568498503,shopping_pos,1010.03,1,3
9e165738a9ff0d4f476fb45d5e64aa17,1.0,1,Сумма 1 123.86 у.е. — дороже 99% покупок в категории «покупки онлайн»,За последние сутки по карте уже списано около 1 759 у.е.,Категория «покупки онлайн» — частая цель мошенников,2020-05-25 14:41:13,2706977570537524,shopping_net,1123.86,1,3
566cb050ca91190e56d526028de6ee50,1.0,1,Сумма 1 053.42 у.е. — дороже 99% покупок в категории «покупки онлайн»,Категория «покупки онлайн» — частая цель мошенников,Ночная операция (22:30),2020-05-25 22:30:25,3558652751678952,shopping_net,1053.42,1,3
8e3d3f3ce5cfc7d188b1d9bf071cc177,1.0,1,Сумма 877.27 у.е. — дороже 98% покупок в категории «покупки в магазине»,За последние сутки по карте уже списано около 528 у.е.,Категория «покупки в магазине» — частая цель мошенников,2020-05-25 22:33:36,213186334552049,shopping_pos,877.27,1,3
8f767736b4da6cb9d4f4700a015d27a1,1.0,1,Сумма 904.37 у.е. — дороже 97% покупок в категории «покупки онлайн»,За последние сутки по карте уже списано около 2 401 у.е.,Категория «покупки онлайн» — частая цель мошенников,2020-05-25 22:36:43,5388659976630693,shopping_net,904.37,1,3
4c6d63a82958663506af56d46b5b64d1,1.0,1,Сумма 898.59 у.е. — дороже 97% покупок в категории «покупки онлайн»,За последние сутки по карте уже списано около 2 053 у.е.,Категория «покупки онлайн» — частая цель мошенников,2020-05-25 22:50:23,2706977570537524,shopping_net,898.59,1,3
99fa2813ad22cf7640921a04341f0e17,1.0,1,Сумма 887.65 у.е. — дороже 98% покупок в категории «покупки в магазине»,За последние сутки по карте уже списано около 3 266 у.е.,Ночная операция (22:53),2020-05-25 22:53:56,5388659976630693,shopping_pos,887.65,1,3
dc95d98aae482ced5c918fc1c96c860e,1.0,1,Сумма 850.84 у.е. — дороже 98% покупок в категории «покупки в магазине»,За последние сутки по карте уже списано около 2 915 у.е.,Серия из 2 операций ночью,2020-05-25 23:08:22,2706977570537524,shopping_pos,850.84,1,3
0dbd3afc32dc9be094f9e0a35e349c99,1.0,1,За последние сутки по карте уже списано около 4 103 у.е.,Сумма 1 150.49 у.е. — дороже 99% покупок в категории «покупки онлайн»,Категория «покупки онлайн» — частая цель мошенников,2020-05-25 23:11:39,5388659976630693,shopping_net,1150.49,1,3
f5cf0e07dd03ddda82bbf16d14a686ee,0.97561,1,Сумма 1 037.47 у.е. — дороже 99% покупок в категории «разное онлайн»,Ночная операция (23:33),Категория «разное онлайн» — частая цель мошенников,2020-05-25 23:33:28,3576144910346950,misc_net,1037.47,1,3
ce74e45c8a7585e243dc39b7c9fdb4f8,1.0,1,Сумма 892.17 у.е. — дороже 98% покупок в категории «покупки в магазине»,За последние сутки по карте уже списано около 1 109 у.е.,Серия из 3 операций ночью,2020-05-25 23:37:24,3576144910346950,shopping_pos,892.17,1,3
d79d5e0b5b335ef85a9ac088ed66597c,1.0,1,Сумма 988.59 у.е. — дороже 98% покупок в категории «покупки онлайн»,За последние сутки по карте уже списано около 5 942 у.е.,Категория «покупки онлайн» — частая цель мошенников,2020-05-25 23:46:10,5388659976630693,shopping_net,988.59,1,3
f6e1d92be68dfb441edf89ae58878aff,1.0,1,Сумма 1 000.57 у.е. — дороже 98% покупок в категории «покупки онлайн»,За последние сутки по карте уже списано около 1 444 у.е.,Категория «покупки онлайн» — частая цель мошенников,2020-05-26 00:04:20,213186334552049,shopping_net,1000.57,1,3
02315aac04cf61ac5f53edfea3b44590,1.0,1,Сумма 363.85 у.е. — дороже 99% покупок в категории «продукты в магазине»,Категория «продукты в магазине» — частая цель мошенников,За последние сутки по карте уже списано около 1 915 у.е.,2020-05-26 00:40:35,3576144910346950,grocery_pos,363.85,1,3
092e07aac1d62f06fca782ba85ff8aa0,1.0,1,Сумма 361.16 у.е. — дороже 99% покупок в категории «продукты в магазине»,Категория «продукты в магазине» — частая цель мошенников,За последние сутки по карте уже списано около 2 196 у.е.,2020-05-26 01:34:01,3576144910346950,grocery_pos,361.16,1,3
a8eeccf7817f4fad33a4156a4a810329,0.323529,1,За последние сутки по карте уже списано около 3 119 у.е.,Серия из 5 операций ночью,Категория «кафе и рестораны» — частая цель мошенников,2020-05-26 01:42:11,3558652751678952,food_dining,124.94,0,3
2d4c1545cf0c3b359e52c9ad3e833fd2,1.0,1,За последние сутки по карте уже списано около 2 521 у.е.,Серия из 6 операций ночью,Категория «топливо и транспорт» — частая цель мошенников,2020-05-26 01:54:36,3576144910346950,gas_transport,21.23,1,3
a160790ead7b4a566bf726c7f3ac2c44,1.0,1,За последние сутки по карте уже списано около 2 232 у.е.,Категория «топливо и транспорт» — частая цель мошенников,Серия из 4 операций ночью,2020-05-26 02:14:59,213186334552049,gas_transport,7.51,1,3
aa459d54a87771cdbc1fe4500bcd4fe2,0.97561,1,Категория «топливо и транспорт» — частая цель мошенников,Ночная операция (03:49),За последние сутки по карте уже списано около 173 у.е.,2020-05-26 03:49:15,30560609640617,gas_transport,22.74,0,3
f64560a956b3c784af287628c79c3cba,1.0,1,Сумма 386.10 у.е. — дороже 99% покупок в категории «продукты в магазине»,За последние сутки по карте уже списано около 1 940 у.е.,Категория «продукты в магазине» — частая цель мошенников,2020-05-26 05:42:06,213186334552049,grocery_pos,386.1,1,3
89012c357b0b46b8afd0ef061a1f330b,1.0,1,Сумма 967.25 у.е. — дороже 98% покупок в категории «покупки онлайн»,Категория «покупки онлайн» — частая цель мошенников,Ночная операция (22:33),2020-05-26 22:33:42,3576144910346950,shopping_net,967.25,1,3
cb7297b9d7b1d0aec66121b80a4a1e1b,1.0,1,За последние сутки по карте уже списано около 1 149 у.е.,Категория «кафе и рестораны» — частая цель мошенников,Ночная операция (22:38),2020-05-26 22:38:09,213186334552049,food_dining,107.75,1,3
e481b5ddff908fd16d44c92433ba441f,1.0,1,Сумма 869.00 у.е. — дороже 99% покупок в категории «разное онлайн»,За последние сутки по карте уже списано около 2 035 у.е.,Категория «разное онлайн» — частая цель мошенников,2020-05-26 22:39:06,3576144910346950,misc_net,869.0,1,3
32c8e35a212d9eeb4730f27ebd170e4b,1.0,1,Сумма 896.22 у.е. — дороже 99% покупок в категории «разное онлайн»,Категория «разное онлайн» — частая цель мошенников,Сумма в 13 раз больше обычной для этого клиента в этой категории (обычно около 67 у.е.),2020-05-27 17:41:27,4344955088481397,misc_net,896.22,1,3
f915d8e376bb64a38c160a55f2cb5fd0,1.0,1,Сумма 977.99 у.е. — дороже 98% покупок в категории «покупки онлайн»,За последние сутки по карте уже списано около 1 365 у.е.,Категория «покупки онлайн» — частая цель мошенников,2020-05-27 22:25:50,4344955088481397,shopping_net,977.99,1,3
ea04e942b8c1d2af34083d6d607bf9cd,1.0,1,Сумма 854.49 у.е. — дороже 97% покупок в категории «покупки онлайн»,За последние сутки по карте уже списано около 1 089 у.е.,Категория «покупки онлайн» — частая цель мошенников,2020-05-27 22:30:21,3568255211412877,shopping_net,854.49,1,3
fd3ecb1670ab830b94af28c9c6523e38,1.0,1,За последние сутки по карте уже списано около 1 941 у.е.,Сумма 804.37 у.е. — дороже 99% покупок в категории «разное онлайн»,Категория «разное онлайн» — частая цель мошенников,2020-05-27 22:32:54,3568255211412877,misc_net,804.37,1,3
024c8c4e024ce62acb148d1d925b14c9,1.0,1,Сумма 847.85 у.е. — дороже 99% покупок в категории «разное онлайн»,Категория «разное онлайн» — частая цель мошенников,Ночная операция (23:26),2020-05-27 23:26:59,180072527505094,misc_net,847.85,1,3
c04575991715947e1b6a523c0a3cd231,1.0,1,Сумма 917.43 у.е. — дороже 98% покупок в категории «покупки онлайн»,За последние сутки по карте уже списано около 1 447 у.е.,Категория «покупки онлайн» — частая цель мошенников,2020-05-28 22:18:29,4344955088481397,shopping_net,917.43,1,3
4d724d77c9e9b9374eb86be46a978491,1.0,1,Сумма 1 002.39 у.е. — дороже 99% покупок в категории «покупки в магазине»,Новая карта: это её первая операция,Ночная операция (22:33),2020-05-28 22:33:06,4748866581408,shopping_pos,1002.39,1,3
da45e9c4d250c0b5fe5f5b21bdc9048e,1.0,1,Сумма 1 013.12 у.е. — дороже 99% покупок в категории «разное онлайн»,За последние сутки по карте уже списано около 1 118 у.е.,Ночная операция (22:43),2020-05-28 22:43:36,180072527505094,misc_net,1013.12,1,3
0fccd223f56c591730b14df0f63176f2,1.0,1,Сумма 968.73 у.е. — дороже 98% покупок в категории «покупки онлайн»,Категория «покупки онлайн» — частая цель мошенников,Почти новая карта: 1 операций в истории,2020-05-28 22:56:26,4748866581408,shopping_net,968.73,1,3
27a091ac999dc880b051940e661ebb51,1.0,1,Сумма 977.39 у.е. — дороже 98% покупок в категории «покупки онлайн»,За последние сутки по карте уже списано около 2 302 у.е.,Категория «покупки онлайн» — частая цель мошенников,2020-05-28 22:57:02,4344955088481397,shopping_net,977.39,1,3
8d70de2b45ea4f0fe7dcfaf1c4e3d76a,1.0,1,Сумма 939.96 у.е. — дороже 98% покупок в категории «покупки онлайн»,За последние сутки по карте уже списано около 2 390 у.е.,Категория «покупки онлайн» — частая цель мошенников,2020-05-28 23:23:03,180072527505094,shopping_net,939.96,1,3
cc87ed9aadfb804a8d2281b624ac291e,1.0,1,Сумма 919.37 у.е. — дороже 98% покупок в категории «покупки онлайн»,Категория «покупки онлайн» — частая цель мошенников,За последние сутки по карте уже списано около 490 у.е.,2020-05-29 15:12:38,6515067575568369,shopping_net,919.37,1,3
a392d97cc44e10a5fbc2f5154bd1fe48,1.0,1,Сумма 931.58 у.е. — дороже 99% покупок в категории «покупки в магазине»,За последние сутки по карте уже списано около 1 357 у.е.,Почти новая карта: 5 операций в истории,2020-05-29 22:04:10,4748866581408,shopping_pos,931.58,1,3
7ab5750a8df01fbd6ee4f9afc8a0bad3,1.0,1,Сумма 922.39 у.е. — дороже 98% покупок в категории «покупки онлайн»,За последние сутки по карте уже списано около 2 276 у.е.,Категория «покупки онлайн» — частая цель мошенников,2020-05-29 22:12:08,4748866581408,shopping_net,922.39,1,3
61b21da4450b80e2c626853492015bfe,1.0,1,За последние сутки по карте уже списано около 4 256 у.е.,Сумма 919.83 у.е. — дороже 98% покупок в категории «покупки онлайн»,Почти новая карта: 9 операций в истории,2020-05-29 23:07:30,4748866581408,shopping_net,919.83,1,3
ed4656ac137dbbd12cf65c5d6e5af167,1.0,1,Сумма 907.57 у.е. — дороже 99% покупок в категории «разное онлайн»,За последние сутки по карте уже списано около 2 754 у.е.,Серия из 5 операций ночью,2020-05-29 23:16:04,6011681934117244,misc_net,907.57,1,3
3ba9e2088cc9632862718fb4c74805d2,1.0,1,Сумма 1 045.07 у.е. — дороже 99% покупок в категории «покупки онлайн»,За последние сутки по карте уже списано около 1 412 у.е.,Категория «покупки онлайн» — частая цель мошенников,2020-05-29 23:58:13,6515067575568369,shopping_net,1045.07,1,3
e63069e4483ad8ce85aea38f73bbd93c,1.0,1,Сумма 956.07 у.е. — дороже 98% покупок в категории «покупки онлайн»,Категория «покупки онлайн» — частая цель мошенников,Сумма в 11 раз больше обычной для этого клиента в этой категории (обычно около 84 у.е.),2020-05-30 18:15:49,4841313716651064,shopping_net,956.07,1,3
dcef6402a11aa92ea24fca769318759d,1.0,1,Сумма 1 027.78 у.е. — дороже 99% покупок в категории «покупки онлайн»,За последние сутки по карте уже списано около 1 083 у.е.,Категория «покупки онлайн» — частая цель мошенников,2020-05-30 22:53:26,4841313716651064,shopping_net,1027.78,1,3
1cbae324b1d24b91238e84b44074e1b7,1.0,1,Сумма 923.39 у.е. — дороже 99% покупок в категории «разное онлайн»,За последние сутки по карте уже списано около 2 103 у.е.,Категория «разное онлайн» — частая цель мошенников,2020-05-30 22:59:03,4841313716651064,misc_net,923.39,1,3
851e8bbc014376eae5843aee106deffa,1.0,1,Сумма 573.51 у.е. — дороже 99% покупок в категории «развлечения»,За последние сутки по карте уже списано около 1 801 у.е.,Ночная операция (23:12),2020-05-30 23:12:43,6011681934117244,entertainment,573.51,1,3
c28c8b3e68826d1fd46d9df08945b34b,0.97561,1,За последние сутки по карте уже списано около 1 670 у.е.,Сумма 1 072.30 у.е. — дороже 99% покупок в категории «покупки онлайн»,Категория «покупки онлайн» — частая цель мошенников,2020-05-30 23:23:03,3531129874770000,shopping_net,1072.3,0,3
8de67963f832c2b7dda93ce7632b98b3,1.0,1,Сумма 709.00 у.е. — дороже 98% покупок в категории «разное онлайн»,За последние сутки по карте уже списано около 3 252 у.е.,Категория «разное онлайн» — частая цель мошенников,2020-05-30 23:24:59,4841313716651064,misc_net,709.0,1,3
31e4e07f55c625cdca1f7e5b9ae44eb0,1.0,1,Сумма 800.87 у.е. — дороже 99% покупок в категории «разное онлайн»,За последние сутки по карте уже списано около 3 932 у.е.,Категория «разное онлайн» — частая цель мошенников,2020-05-30 23:35:38,4841313716651064,misc_net,800.87,1,3
08818042ba68d010848c7cf3a0b33ca2,0.571429,1,Сумма 872.89 у.е. — дороже 99% покупок в категории «разное онлайн»,За последние сутки по карте уже списано около 542 у.е.,Клиент редко покупает в категории «разное онлайн»: около 5% его операций,2020-05-31 00:50:19,3551217896304745,misc_net,872.89,0,3
27c48099cc94da0b0d8bbb1a39c5ddfa,0.141076,1,Сумма 690.41 у.е. — дороже 98% покупок в категории «разное онлайн»,Клиент почти не платит с 0 до 4 часов: около 10% его операций,Клиент редко покупает в категории «разное онлайн»: около 4% его операций,2020-05-31 02:49:07,3575789281659026,misc_net,690.41,0,3
9bd1207256f1c645704d6c0bccd49a06,0.323529,1,Сумма 489.18 у.е. — дороже 99% покупок в категории «развлечения»,За последние сутки по карте уже списано около 447 у.е.,Категория «развлечения» — частая цель мошенников,2020-05-31 21:15:36,30029052116970,entertainment,489.18,0,3
5726e1eacf18b20c17a81fc512f4f84c,1.0,1,Сумма 796.10 у.е. — дороже 98% покупок в категории «покупки в магазине»,За последние сутки по карте уже списано около 1 854 у.е.,Категория «покупки в магазине» — частая цель мошенников,2020-05-31 22:04:51,4841313716651064,shopping_pos,796.1,1,3
9c9fdd786f9586ffeaf3007f58a785d5,1.0,1,Сумма 1 094.14 у.е. — дороже 99% покупок в категории «покупки онлайн»,За последние сутки по карте уже списано около 2 622 у.е.,Категория «покупки онлайн» — частая цель мошенников,2020-05-31 22:20:14,4841313716651064,shopping_net,1094.14,1,3
db64ef706d60856a2e59a1db0b5d1a38,1.0,1,Сумма 884.02 у.е. — дороже 98% покупок в категории «покупки в магазине»,За последние сутки по карте уже списано около 3 608 у.е.,Серия из 3 операций ночью,2020-05-31 23:03:03,4841313716651064,shopping_pos,884.02,1,3
7b08ebebca27664a0b62ea716fd08c0d,0.131579,1,Сумма 736.26 у.е. — дороже 98% покупок в категории «разное онлайн»,Категория «разное онлайн» — частая цель мошенников,За последние сутки по карте уже списано около 395 у.е.,2020-05-31 23:39:50,6011652924285713,misc_net,736.26,0,3
c48f2efccb689f2daef9ebdb03e1edec,1.0,1,Сумма 312.81 у.е. — дороже 99% покупок в категории «продукты в магазине»,Категория «продукты в магазине» — частая цель мошенников,Сумма в 3 раз больше обычной для этого клиента в этой категории (обычно около 100 у.е.),2020-06-01 01:01:21,565399283797,grocery_pos,312.81,1,3
6a1d729828b093a1c200c36a9b6952ab,0.323529,1,Сумма 1 294.13 у.е. — дороже 99% покупок в категории «покупки онлайн»,Категория «покупки онлайн» — частая цель мошенников,Серия из 6 операций ночью,2020-06-01 01:26:44,180067784565096,shopping_net,1294.13,0,3
ca95ace7650d041d026cec303f4feab9,0.035088,1,За последние сутки по карте уже списано около 1 279 у.е.,Сумма 1 387.78 у.е. — дороже 99% покупок в категории «покупки в магазине»,"Карта сейчас в 3 раз активнее, чем обычно для этого клиента",2020-06-01 21:58:38,3585740823295298,shopping_pos,1387.78,0,3
677e660f9e9bd4741fb5a75497b07f7d,1.0,1,Сумма 947.88 у.е. — дороже 98% покупок в категории «покупки онлайн»,Категория «покупки онлайн» — частая цель мошенников,Ночная операция (22:05),2020-06-01 22:05:17,565399283797,shopping_net,947.88,1,3
19acf5d95b2949a5fcc32dbf2f6dcce9,0.323529,1,За последние сутки по карте уже списано около 2 430 у.е.,Сумма 734.42 у.е. — дороже 98% покупок в категории «разное онлайн»,Категория «разное онлайн» — частая цель мошенников,2020-06-01 22:30:08,6011693194885790,misc_net,734.42,0,3
6c1ea5f0ed7c7b6003da516455b7871c,1.0,1,Сумма 1 066.55 у.е. — дороже 99% покупок в категории «покупки онлайн»,За последние сутки по карте уже списано около 1 059 у.е.,Категория «покупки онлайн» — частая цель мошенников,2020-06-01 22:43:44,565399283797,shopping_net,1066.55,1,3
b74adcabbf1634efb88ab0df9822dc9b,1.0,1,Сумма 957.89 у.е. — дороже 98% покупок в категории «покупки онлайн»,За последние сутки по карте уже списано около 2 111 у.е.,Категория «покупки онлайн» — частая цель мошенников,2020-06-01 22:53:41,565399283797,shopping_net,957.89,1,3
56e3fa29944b7e96938a6d488864eacb,1.0,1,Сумма 790.85 у.е. — дороже 98% покупок в категории «покупки в магазине»,За последние сутки по карте уже списано около 3 038 у.е.,Серия из 4 операций ночью,2020-06-01 23:08:22,565399283797,shopping_pos,790.85,1,3
d764729b12904425fd9bb4841b565ab9,0.571429,1,Сумма 896.94 у.е. — дороже 98% покупок в категории «покупки в магазине»,За последние сутки по карте уже списано около 572 у.е.,Категория «покупки в магазине» — частая цель мошенников,2020-06-01 23:34:52,4989847570577635369,shopping_pos,896.94,0,3
5f8385ad39adaa5de014869a02260016,1.0,1,Сумма 713.00 у.е. — дороже 98% покупок в категории «разное онлайн»,Категория «разное онлайн» — частая цель мошенников,Сумма в 43 раз больше обычной для этого клиента в этой категории (обычно около 16 у.е.),2020-06-02 15:59:43,4538566639857,misc_net,713.0,1,3
d5eaf6ab5d539306f711d8173a4079d5,1.0,1,Сумма 779.62 у.е. — дороже 98% покупок в категории «разное онлайн»,За последние сутки по карте уже списано около 2 032 у.е.,Категория «разное онлайн» — частая цель мошенников,2020-06-02 18:06:51,565399283797,misc_net,779.62,1,3
9c37aee7a90361b3bd9b78102dbf325e,1.0,1,Сумма 839.47 у.е. — дороже 99% покупок в категории «разное онлайн»,За последние сутки по карте уже списано около 789 у.е.,Ночная операция (22:03),2020-06-02 22:03:43,4538566639857,misc_net,839.47,1,3
ae47a8294f063ce22ae52e378deff7b8,1.0,1,Сумма 718.05 у.е. — дороже 98% покупок в категории «разное онлайн»,За последние сутки по карте уже списано около 2 375 у.е.,Категория «разное онлайн» — частая цель мошенников,2020-06-02 22:10:14,565399283797,misc_net,718.05,1,3
9bdf8a27d0c15582c1f2861d0017ddcd,1.0,1,За последние сутки по карте уже списано около 3 043 у.е.,Сумма 897.71 у.е. — дороже 97% покупок в категории «покупки онлайн»,Категория «покупки онлайн» — частая цель мошенников,2020-06-02 22:33:37,565399283797,shopping_net,897.71,1,3
929770c0258fe0ae40b2bf6283694d3f,1.0,1,Сумма 1 166.67 у.е. — дороже 99% покупок в категории «покупки онлайн»,За последние сутки по карте уже списано около 1 593 у.е.,Категория «покупки онлайн» — частая цель мошенников,2020-06-02 22:35:50,4538566639857,shopping_net,1166.67,1,3
73a439da07b1e3bccec58d54c1ab76d8,1.0,1,Сумма 831.25 у.е. — дороже 99% покупок в категории «разное онлайн»,За последние сутки по карте уже списано около 2 735 у.е.,Категория «разное онлайн» — частая цель мошенников,2020-06-02 22:48:47,4538566639857,misc_net,831.25,1,3
0e3d53a1347a05c4544dc005058f0f03,1.0,1,Сумма 835.69 у.е. — дороже 99% покупок в категории «разное онлайн»,За последние сутки по карте уже списано около 3 543 у.е.,Серия из 4 операций ночью,2020-06-02 22:57:55,4538566639857,misc_net,835.69,1,3
bbbc661d4126309380fb2e1a52dbc8aa,1.0,1,Сумма 902.11 у.е. — дороже 98% покупок в категории «покупки в магазине»,За последние сутки по карте уже списано около 4 340 у.е.,Серия из 5 операций ночью,2020-06-02 23:10:43,4538566639857,shopping_pos,902.11,1,3
fda2f7884ca6ea55d6d021b0eaadacc6,1.0,1,Сумма 976.55 у.е. — дороже 98% покупок в категории «покупки онлайн»,За последние сутки по карте уже списано около 5 199 у.е.,Категория «покупки онлайн» — частая цель мошенников,2020-06-02 23:22:47,4538566639857,shopping_net,976.55,1,3
39f4ad48cc2de1abb781de26935fe557,1.0,1,За последние сутки по карте уже списано около 3 750 у.е.,Сумма 869.93 у.е. — дороже 97% покупок в категории «покупки онлайн»,Категория «покупки онлайн» — частая цель мошенников,2020-06-02 23:45:06,565399283797,shopping_net,869.93,1,3
00d95d05d4942c5f851d63fadf8150d9,1.0,1,Сумма 1 006.81 у.е. — дороже 98% покупок в категории «покупки онлайн»,Категория «покупки онлайн» — частая цель мошенников,Сумма в 13 раз больше обычной для этого клиента в этой категории (обычно около 79 у.е.),2020-06-03 18:06:39,3566875419572867,shopping_net,1006.81,1,3
aa3d22114b94b3f4ef86899f597f7169,1.0,1,Сумма 1 088.48 у.е. — дороже 99% покупок в категории «покупки онлайн»,Категория «покупки онлайн» — частая цель мошенников,Ночная операция (22:13),2020-06-03 22:13:35,3502088871723054,shopping_net,1088.48,1,3
13e191387b52885e09ca34d055f9ec25,1.0,1,Сумма 962.86 у.е. — дороже 98% покупок в категории «покупки онлайн»,За последние сутки по карте уже списано около 1 792 у.е.,Категория «покупки онлайн» — частая цель мошенников,2020-06-03 22:14:47,3566875419572867,shopping_net,962.86,1,3
ad6f2fc4f189eb4529c8da889bdbe330,1.0,1,Сумма 972.65 у.е. — дороже 99% покупок в категории «покупки в магазине»,За последние сутки по карте уже списано около 2 483 у.е.,Ночная операция (22:35),2020-06-03 22:35:47,4538566639857,shopping_pos,972.65,1,3
4bc0da420e788a236fec555c610d2368,1.0,1,Сумма 1 091.97 у.е. — дороже 99% покупок в категории «покупки онлайн»,За последние сутки по карте уже списано около 3 437 у.е.,Категория «покупки онлайн» — частая цель мошенников,2020-06-03 22:43:46,4538566639857,shopping_net,1091.97,1,3
251a8aaed80b097106ebaf22636c6219,1.0,1,Сумма 961.63 у.е. — дороже 99% покупок в категории «покупки в магазине»,Категория «покупки в магазине» — частая цель мошенников,Сумма в 133 раз больше обычной для этого клиента в этой категории (обычно около 7 у.е.),2020-06-04 15:27:30,4502539526809429801,shopping_pos,961.63,1,3
d6a4cb99d336511a7d0cf4e599cff2aa,0.97561,1,За последние сутки по карте уже списано около 1 480 у.е.,Сумма 954.23 у.е. — дороже 99% покупок в категории «разное онлайн»,Категория «разное онлайн» — частая цель мошенников,2020-06-04 19:40:09,3502088871723054,misc_net,954.23,1,3
16effe14010354f943bcaa7397fbfc1d,1.0,1,Сумма 989.86 у.е. — дороже 99% покупок в категории «покупки в магазине»,За последние сутки по карте уже списано около 1 157 у.е.,Категория «покупки в магазине» — частая цель мошенников,2020-06-04 20:08:41,4502539526809429801,shopping_pos,989.86,1,3
4a5e641a18dfa9fbbaa3cea5bd7fe277,1.0,1,Сумма 1 031.68 у.е. — дороже 99% покупок в категории «покупки онлайн»,За последние сутки по карте уже списано около 1 756 у.е.,Категория «покупки онлайн» — частая цель мошенников,2020-06-04 22:18:45,3566875419572867,shopping_net,1031.68,1,3
2f8e0da8400294e41424abed94f0449e,1.0,1,За последние сутки по карте уже списано около 3 499 у.е.,Сумма 1 057.54 у.е. — дороже 99% покупок в категории «покупки онлайн»,Категория «покупки онлайн» — частая цель мошенников,2020-06-04 23:47:07,3502088871723054,shopping_net,1057.54,1,3
319e99c545206b98d6f58e7780833f34,1.0,1,Сумма 1 050.15 у.е. — дороже 99% покупок в категории «покупки онлайн»,За последние сутки по карте уже списано около 4 817 у.е.,Серия из 6 операций ночью,2020-06-04 23:52:13,3566875419572867,shopping_net,1050.15,1,3
56b6c422f973e2d7d0d645289c9db008,1.0,1,Сумма 911.55 у.е. — дороже 98% покупок в категории «покупки онлайн»,Категория «покупки онлайн» — частая цель мошенников,За последние сутки по карте уже списано около 806 у.е.,2020-06-05 19:39:11,4502539526809429801,shopping_net,911.55,1,3
e39086382601684fe135993dea9d99d8,1.0,1,Сумма 954.69 у.е. — дороже 98% покупок в категории «покупки онлайн»,За последние сутки по карте уже списано около 1 589 у.е.,Категория «покупки онлайн» — частая цель мошенников,2020-06-05 21:31:42,4502539526809429801,shopping_net,954.69,1,3
c473c4a619cb3dc9f79d1a778cfb74e8,1.0,1,Сумма 903.70 у.е. — дороже 99% покупок в категории «разное онлайн»,За последние сутки по карте уже списано около 2 471 у.е.,Категория «разное онлайн» — частая цель мошенников,2020-06-05 22:13:14,4502539526809429801,misc_net,903.7,1,3
2b390ef1f4144dbcd4e89e1ac3e752bc,1.0,1,Сумма 1 078.98 у.е. — дороже 99% покупок в категории «покупки онлайн»,За последние сутки по карте уже списано около 3 319 у.е.,Категория «покупки онлайн» — частая цель мошенников,2020-06-05 22:37:06,4502539526809429801,shopping_net,1078.98,1,3
ce18095ebc616e2a36056b194757da98,1.0,1,Сумма 936.70 у.е. — дороже 99% покупок в категории «покупки в магазине»,Категория «покупки в магазине» — частая цель мошенников,Ночная операция (23:13),2020-06-05 23:13:21,4440581794652,shopping_pos,936.7,1,3
1d73f580dc3fe80e1c87618b6edf4c19,0.571429,1,За последние сутки по карте уже списано около 926 у.е.,Категория «кафе и рестораны» — частая цель мошенников,Серия из 2 операций ночью,2020-06-05 23:33:07,4440581794652,food_dining,114.36,1,3
2d6fc1309cd568db0c8d0c9187d1a74d,1.0,1,Категория «топливо и транспорт» — частая цель мошенников,За последние сутки по карте уже списано около 1 012 у.е.,"Карта сейчас в 2 раз активнее, чем обычно для этого клиента",2020-06-06 00:13:48,4440581794652,gas_transport,8.73,1,3
ff4b3db2b678dcd8000439760ea9d1cd,1.0,1,Сумма 320.81 у.е. — дороже 99% покупок в категории «продукты в магазине»,Категория «продукты в магазине» — частая цель мошенников,Серия из 4 операций ночью,2020-06-06 00:36:06,4440581794652,grocery_pos,320.81,1,3
7643c541b185615375b941e7a2d662d6,1.0,1,Сумма 997.11 у.е. — дороже 99% покупок в категории «покупки в магазине»,Ночная операция (22:49),Категория «покупки в магазине» — частая цель мошенников,2020-06-06 22:49:55,4440581794652,shopping_pos,997.11,1,3
04a6bc2b1c54e6879df5c6ccbeb5752d,0.131579,1,Сумма 196.77 у.е. — дороже 98% покупок в категории «товары для дома»,Серия из 2 операций ночью,Категория «товары для дома» — частая цель мошенников,2020-06-06 22:54:41,2283743876903625,home,196.77,0,3
a6dc6ca8984a9d65cb7fcaf827362c4d,1.0,1,Сумма 672.46 у.е. — дороже 98% покупок в категории «разное онлайн»,За последние сутки по карте уже списано около 1 495 у.е.,Категория «разное онлайн» — частая цель мошенников,2020-06-06 23:15:34,4440581794652,misc_net,672.46,1,3
3daa888208ef6b43cf76c78b843c9de2,1.0,1,Сумма 310.90 у.е. — дороже 99% покупок в категории «продукты в магазине»,За последние сутки по карте уже списано около 2 104 у.е.,Категория «продукты в магазине» — частая цель мошенников,2020-06-06 23:58:38,4440581794652,grocery_pos,310.9,1,3
e2819f18160a7fe7dc0699c65883b0c1,1.0,1,Сумма 1 065.91 у.е. — дороже 99% покупок в категории «покупки онлайн»,Категория «покупки онлайн» — частая цель мошенников,Клиент почти не платит с 0 до 4 часов: около 10% его операций,2020-06-07 02:31:22,676372984911,shopping_net,1065.91,1,3
fb328fe7c9f2a29ab4104ba01d827f80,1.0,1,Сумма 825.20 у.е. — дороже 98% покупок в категории «покупки в магазине»,Ночная операция (22:08),Категория «покупки в магазине» — частая цель мошенников,2020-06-07 22:08:10,4334230547694630,shopping_pos,825.2,1,3
c93b100aaa66c57e58c97a3ca53d6baf,0.75,1,Сумма 1 324.80 у.е. — дороже 99% покупок в категории «покупки в магазине»,Новая карта: это её первая операция,Категория «покупки в магазине» — частая цель мошенников,2020-06-07 22:10:31,3562793934111141,shopping_pos,1324.8,1,3
2765286449c2e598b3a61eecf4bf89b7,1.0,1,Сумма 801.43 у.е. — дороже 98% покупок в категории «покупки в магазине»,Категория «покупки в магазине» — частая цель мошенников,Ночная операция (22:20),2020-06-07 22:20:39,4653178848915023204,shopping_pos,801.43,1,3
71e0f43d6c2c74797e29380f067e3e4d,1.0,1,Сумма 1 312.98 у.е. — дороже 99% покупок в категории «покупки онлайн»,За последние сутки по карте уже списано около 1 289 у.е.,Категория «покупки онлайн» — частая цель мошенников,2020-06-07 22:49:46,3562793934111141,shopping_net,1312.98,1,3
197327f20794ba064d4a2e37532121d8,1.0,1,Сумма 924.45 у.е. — дороже 98% покупок в категории «покупки онлайн»,За последние сутки по карте уже списано около 2 589 у.е.,Категория «покупки онлайн» — частая цель мошенников,2020-06-07 22:56:58,3562793934111141,shopping_net,924.45,1,3
5d0953004931e31c0165ee05aba1e594,1.0,1,Сумма 956.21 у.е. — дороже 98% покупок в категории «покупки онлайн»,За последние сутки по карте уже списано около 1 190 у.е.,Категория «покупки онлайн» — частая цель мошенников,2020-06-07 23:10:38,4334230547694630,shopping_net,956.21,1,3
e69a447de2bed91eba098a03b36ce9ac,1.0,1,Сумма 990.39 у.е. — дороже 98% покупок в категории «покупки онлайн»,За последние сутки по карте уже списано около 1 054 у.е.,Категория «покупки онлайн» — частая цель мошенников,2020-06-07 23:16:50,4653178848915023204,shopping_net,990.39,1,3
469987217c29c590d3c9247ef52a18ea,1.0,1,За последние сутки по карте уже списано около 2 001 у.е.,Сумма 816.12 у.е. — дороже 97% покупок в категории «покупки онлайн»,Категория «покупки онлайн» — частая цель мошенников,2020-06-07 23:47:26,4653178848915023204,shopping_net,816.12,1,3
46004208ae86c2f960d38b91d5f55412,1.0,1,Сумма 1 003.47 у.е. — дороже 98% покупок в категории «покупки онлайн»,Категория «покупки онлайн» — частая цель мошенников,За последние сутки по карте уже списано около 860 у.е.,2020-06-08 00:52:16,676372984911,shopping_net,1003.47,1,3
278b5c59f07d66e8f40a5150de3f15dc,1.0,1,Сумма 1 053.50 у.е. — дороже 99% покупок в категории «покупки онлайн»,Категория «покупки онлайн» — частая цель мошенников,За последние сутки по карте уже списано около 722 у.е.,2020-06-08 02:18:23,4681601008538160,shopping_net,1053.5,1,3
f4e6d233c55fb84ed1a56a30f9047d35,1.0,1,Сумма 1 120.98 у.е. — дороже 99% покупок в категории «покупки онлайн»,За последние сутки по карте уже списано около 2 404 у.е.,Категория «покупки онлайн» — частая цель мошенников,2020-06-08 03:08:09,676372984911,shopping_net,1120.98,1,3
27dcd5816d22790cd932fcc68139adab,1.0,1,Сумма 891.85 у.е. — дороже 98% покупок в категории «покупки в магазине»,За последние сутки по карте уже списано около 3 413 у.е.,Серия из 5 операций ночью,2020-06-08 03:54:25,676372984911,shopping_pos,891.85,1,3
e15a5a170cd384d2e514f7b0231b605f,1.0,1,Сумма 916.28 у.е. — дороже 98% покупок в категории «покупки онлайн»,За последние сутки по карте уже списано около 1 041 у.е.,Категория «покупки онлайн» — частая цель мошенников,2020-06-08 17:00:14,4334230547694630,shopping_net,916.28,1,3
f3b5967a69b620ce669ddd6eb13fa1cd,1.0,1,Сумма 900.38 у.е. — дороже 97% покупок в категории «покупки онлайн»,За последние сутки по карте уже списано около 1 679 у.е.,Категория «покупки онлайн» — частая цель мошенников,2020-06-08 22:09:13,4334230547694630,shopping_net,900.38,1,3
9a7f96694d672499c10b6085fadecd30,1.0,1,За последние сутки по карте уже списано около 1 707 у.е.,Сумма 1 376.04 у.е. — дороже 99% покупок в категории «покупки в магазине»,Почти новая карта: 8 операций в истории,2020-06-08 22:14:13,3562793934111141,shopping_pos,1376.04,1,3
4bc422d59b0f2451e31e9a088913818a,1.0,1,Сумма 1 004.21 у.е. — дороже 98% покупок в категории «покупки онлайн»,За последние сутки по карте уже списано около 1 412 у.е.,Категория «покупки онлайн» — частая цель мошенников,2020-06-08 22:26:10,4653178848915023204,shopping_net,1004.21,1,3
09229fae6e442abdc3f1b4bc3fe05048,1.0,1,За последние сутки по карте уже списано около 3 242 у.е.,Сумма 1 047.08 у.е. — дороже 99% покупок в категории «покупки онлайн»,Категория «покупки онлайн» — частая цель мошенников,2020-06-08 22:41:15,4653178848915023204,shopping_net,1047.08,1,3
29d2a0f8bb7ac34e5b318c56fd4bbb55,1.0,1,За последние сутки по карте уже списано около 3 812 у.е.,Сумма 1 130.23 у.е. — дороже 99% покупок в категории «покупки онлайн»,Категория «покупки онлайн» — частая цель мошенников,2020-06-08 22:49:50,3562793934111141,shopping_net,1130.23,1,3
713eff503491d8bd1ae86e363339c7c7,1.0,1,Сумма 1 108.71 у.е. — дороже 99% покупок в категории «покупки онлайн»,За последние сутки по карте уже списано около 2 809 у.е.,Категория «покупки онлайн» — частая цель мошенников,2020-06-08 23:05:56,4334230547694630,shopping_net,1108.71,1,3
3ac2367125f1605de664f2c7255bc1af,1.0,1,За последние сутки по карте уже списано около 4 870 у.е.,Сумма 1 215.89 у.е. — дороже 99% покупок в категории «покупки в магазине»,Серия из 5 операций ночью,2020-06-08 23:49:53,3562793934111141,shopping_pos,1215.89,1,3
f06b4a1bca8b3802d7cfcbc3bff86f2c,1.0,1,Сумма 284.76 у.е. — дороже 99% покупок в категории «продукты в магазине»,Категория «продукты в магазине» — частая цель мошенников,Сумма в 3 раз больше обычной для этого клиента в этой категории (обычно около 94 у.е.),2020-06-09 02:50:30,4914700582394237,grocery_pos,284.76,1,3
f0a48c9746f977e64acfe6cc0617befb,1.0,1,Сумма 345.06 у.е. — дороже 99% покупок в категории «продукты в магазине»,Категория «продукты в магазине» — частая цель мошенников,Сумма в 3 раз больше обычной для этого клиента в этой категории (обычно около 124 у.е.),2020-06-09 03:05:09,3572976568630035,grocery_pos,345.06,1,3
36401266fc7d2381e2758b3337b51f4f,1.0,1,Сумма 311.12 у.е. — дороже 99% покупок в категории «продукты в магазине»,Категория «продукты в магазине» — частая цель мошенников,"Карта сейчас в 3 раз активнее, чем обычно для этого клиента",2020-06-09 06:56:41,3572976568630035,grocery_pos,311.12,1,3
ec8ce10166125811bf9529f3d6af25d8,1.0,1,Сумма 278.64 у.е. — дороже 99% покупок в категории «продукты в магазине»,Категория «продукты в магазине» — частая цель мошенников,Сумма в 3 раз больше обычной для этого клиента в этой категории (обычно около 96 у.е.),2020-06-09 07:12:22,4914700582394237,grocery_pos,278.64,1,3
b06054264a39cb7db2071c73c5d36bdb,0.166667,1,Сумма 713.97 у.е. — дороже 98% покупок в категории «разное онлайн»,Категория «разное онлайн» — частая цель мошенников,Сумма в 69 раз больше обычной для этого клиента в этой категории (обычно около 10 у.е.),2020-06-09 15:59:21,4476840372112,misc_net,713.97,0,3
e04eac74c7b253b5554b00c5a9d151b8,0.131579,1,За последние сутки по карте уже списано около 1 241 у.е.,Сумма 3 412.83 у.е. — дороже 99% покупок в категории «покупки онлайн»,"В последние дни клиент тратит примерно в 2 раз крупнее, чем обычно",2020-06-09 20:46:10,676372984911,shopping_net,3412.83,0,3
dec4c0fd026b9d4a331acd623d0c76f7,0.571429,1,За последние сутки по карте уже списано около 2 061 у.е.,Категория «здоровье и спорт» — частая цель мошенников,"В последние дни клиент тратит примерно в 2 раз крупнее, чем обычно",2020-06-09 22:33:13,4334230547694630,health_fitness,22.66,0,3
8769a7e004766c539b8f7707dfefc351,0.166667,1,Сумма 209.80 у.е. — дороже 98% покупок в категории «товары для дома»,Категория «товары для дома» — частая цель мошенников,Ночная операция (22:36),2020-06-09 22:36:50,30446018552504,home,209.8,0,3
79de0eb69b0e4d9ec31550578ed5e6d9,1.0,1,Сумма 758.19 у.е. — дороже 98% покупок в категории «покупки в магазине»,Ночная операция (22:38),Категория «покупки в магазине» — частая цель мошенников,2020-06-09 22:38:54,3572976568630035,shopping_pos,758.19,1,3
765e55fe99e3cd6324f8ae374e1f416b,1.0,1,Сумма 828.20 у.е. — дороже 97% покупок в категории «покупки онлайн»,Категория «покупки онлайн» — частая цель мошенников,Ночная операция (23:15),2020-06-09 23:15:05,4914700582394237,shopping_net,828.2,1,3
986400e553948daf10053f9041006ccd,1.0,1,Сумма 1 117.99 у.е. — дороже 99% покупок в категории «покупки онлайн»,Категория «покупки онлайн» — частая цель мошенников,За последние сутки по карте уже списано около 1 038 у.е.,2020-06-09 23:44:54,3572976568630035,shopping_net,1117.99,1,3
acce0e041ddc442c1735e9a86c52b31a,1.0,1,Сумма 937.11 у.е. — дороже 98% покупок в категории «покупки онлайн»,Категория «покупки онлайн» — частая цель мошенников,За последние сутки по карте уже списано около 633 у.е.,2020-06-10 18:58:33,4914700582394237,shopping_net,937.11,1,3
96af4ff7e4a0c29f87abd90c3b4e883e,0.97561,1,Сумма 872.07 у.е. — дороже 97% покупок в категории «покупки онлайн»,Категория «покупки онлайн» — частая цель мошенников,Ночная операция (22:04),2020-06-10 22:04:22,3549202406645667,shopping_net,872.07,1,3
15ea2a7b7d436d456b64f79d530fa9c2,1.0,1,Сумма 717.09 у.е. — дороже 98% покупок в категории «разное онлайн»,За последние сутки по карте уже списано около 1 366 у.е.,Ночная операция (22:19),2020-06-10 22:19:06,4914700582394237,misc_net,717.09,1,3
498a0536efb0cbdb32150da8bc7be0e5,1.0,1,Сумма 948.84 у.е. — дороже 99% покупок в категории «покупки в магазине»,За последние сутки по карте уже списано около 935 у.е.,Серия из 2 операций ночью,2020-06-10 22:28:06,3549202406645667,shopping_pos,948.84,1,3
effc2a4c4d04ffdeac75e2cc7114992d,1.0,1,Сумма 893.85 у.е. — дороже 97% покупок в категории «покупки онлайн»,За последние сутки по карте уже списано около 1 802 у.е.,Категория «покупки онлайн» — частая цель мошенников,2020-06-10 23:38:52,3549202406645667,shopping_net,893.85,1,3
e438b5432b2765d6f194ad81eedd6896,1.0,1,Сумма 321.58 у.е. — дороже 99% покупок в категории «продукты в магазине»,Категория «продукты в магазине» — частая цель мошенников,За последние сутки по карте уже списано около 2 542 у.е.,2020-06-11 01:03:40,3549202406645667,grocery_pos,321.58,1,3
e3209276726a023c198344746355489b,0.97561,1,Сумма 288.60 у.е. — дороже 99% покупок в категории «продукты в магазине»,Категория «продукты в магазине» — частая цель мошенников,Клиент почти не платит с 4 до 8 часов: около 10% его операций,2020-06-11 07:07:33,213141712584544,grocery_pos,288.6,0,3
7658a527dcd07c2491ce9c61a0bece0c,0.013158,1,За последние сутки по карте уже списано около 1 887 у.е.,Крупная сумма: 4 586.04 у.е.,Сумма в 695 раз больше обычной для этого клиента в этой категории (обычно около 7 у.е.),2020-06-11 19:23:39,5596347693144598,travel,4586.04,0,3
6bb971a48175f1f749b68b436ca4b680,1.0,1,Сумма 924.48 у.е. — дороже 98% покупок в категории «покупки онлайн»,Категория «покупки онлайн» — частая цель мошенников,За последние сутки по карте уже списано около 1 132 у.е.,2020-06-11 23:20:18,3549202406645667,shopping_net,924.48,1,3
c4ee05d9ce6a68ffc45bfd2f02f0710e,1.0,1,Сумма 1 052.92 у.е. — дороже 99% покупок в категории «покупки в магазине»,За последние сутки по карте уже списано около 2 031 у.е.,Серия из 2 операций ночью,2020-06-11 23:37:49,3549202406645667,shopping_pos,1052.92,1,3
2ec7c76ac561032430af0ee14a63b3a4,1.0,1,Сумма 318.94 у.е. — дороже 99% покупок в категории «продукты в магазине»,За последние сутки по карте уже списано около 3 054 у.е.,Категория «продукты в магазине» — частая цель мошенников,2020-06-11 23:51:59,3549202406645667,grocery_pos,318.94,1,3
70dc619a99349b8ed7000bd7d20a8df0,1.0,1,Сумма 999.66 у.е. — дороже 98% покупок в категории «покупки онлайн»,Категория «покупки онлайн» — частая цель мошенников,Ночная операция (22:26),2020-06-12 22:26:01,4640395708703,shopping_net,999.66,1,3
4b0bbcddf2d12e8989dbe58241ec107f,1.0,1,Сумма 1 050.50 у.е. — дороже 99% покупок в категории «покупки онлайн»,Категория «покупки онлайн» — частая цель мошенников,За последние сутки по карте уже списано около 1 008 у.е.,2020-06-12 23:50:13,4640395708703,shopping_net,1050.5,1,3
834a140dc0ebac95781b9a1c96b0f6bd,0.323529,1,Сумма 265.05 у.е. — дороже 99% покупок в категории «продукты в магазине»,Категория «продукты в магазине» — частая цель мошенников,За последние сутки по карте уже списано около 792 у.е.,2020-06-13 00:10:29,36722699017270,grocery_pos,265.05,0,3
496397b607981290ba286a08c492ad37,1.0,1,Сумма 777.95 у.е. — дороже 98% покупок в категории «покупки в магазине»,Категория «покупки в магазине» — частая цель мошенников,Клиент почти не платит с 0 до 4 часов: около 9% его операций,2020-06-13 02:04:24,4179719215697782,shopping_pos,777.95,1,3
22fc1edf1d3ab38e3df3f9509375ed17,0.75,1,Сумма 709.99 у.е. — дороже 98% покупок в категории «разное онлайн»,За последние сутки по карте уже списано около 541 у.е.,"В последние дни клиент тратит примерно в 3 раз крупнее, чем обычно",2020-06-13 10:56:21,4179719215697782,misc_net,709.99,1,3
927dc517775e86a1dc7430064d52c1a5,1.0,1,Сумма 855.40 у.е. — дороже 97% покупок в категории «покупки онлайн»,Категория «покупки онлайн» — частая цель мошенников,Ночная операция (22:07),2020-06-13 22:07:05,4640395708703,shopping_net,855.4,1,3
46838ccf352c1da106debd67ae969f2a,1.0,1,Сумма 519.07 у.е. — дороже 99% покупок в категории «развлечения»,За последние сутки по карте уже списано около 1 577 у.е.,Категория «развлечения» — частая цель мошенников,2020-06-13 23:28:30,4640395708703,entertainment,519.07,1,3
50cf6b036be22a3c66fa1ed0a38da88c,1.0,1,Сумма 925.27 у.е. — дороже 98% покупок в категории «покупки онлайн»,За последние сутки по карте уже списано около 2 064 у.е.,Категория «покупки онлайн» — частая цель мошенников,2020-06-13 23:50:55,4640395708703,shopping_net,925.27,1,3
dfdcba83e5cd2517a06deefc9ab6e000,0.75,1,Сумма 939.91 у.е. — дороже 99% покупок в категории «разное в магазине»,Клиент почти не платит с 0 до 4 часов: около 10% его операций,Категория «разное в магазине» — частая цель мошенников,2020-06-14 02:52:27,630424987505,misc_pos,939.91,1,3
5a90acce9d30b68d4be5390d476b5f33,1.0,1,Сумма 940.24 у.е. — дороже 98% покупок в категории «покупки онлайн»,Категория «покупки онлайн» — частая цель мошенников,За последние сутки по карте уже списано около 640 у.е.,2020-06-14 03:39:26,4179719215697782,shopping_net,940.24,1,3
8616b6cb2009c7b50427e391515fa13e,1.0,1,Сумма 1 065.07 у.е. — дороже 99% покупок в категории «покупки в магазине»,Категория «покупки в магазине» — частая цель мошенников,Почти новая карта: 1 операций в истории,2020-06-14 13:34:49,503886119844,shopping_pos,1065.07,1,3
da4c5d4616244f1a53a0c58f3b55eb4a,1.0,1,Сумма 925.39 у.е. — дороже 99% покупок в категории «покупки в магазине»,Категория «покупки в магазине» — частая цель мошенников,Сумма в 122 раз больше обычной для этого клиента в этой категории (обычно около 8 у.е.),2020-06-14 19:12:39,3531606252458308,shopping_pos,925.39,1,3
d91cfb8bd8c4aa134552ab26f7027399,1.0,1,Сумма 941.10 у.е. — дороже 98% покупок в категории «покупки онлайн»,За последние сутки по карте уже списано около 1 204 у.е.,Категория «покупки онлайн» — частая цель мошенников,2020-06-14 22:17:36,3531606252458308,shopping_net,941.1,1,3
f1740be86a292e6a840a0c3ef425e55f,1.0,1,Сумма 533.58 у.е. — дороже 99% покупок в категории «развлечения»,За последние сутки по карте уже списано около 711 у.е.,Категория «развлечения» — частая цель мошенников,2020-06-14 22:48:53,4179719215697782,entertainment,533.58,1,3
623955a0780f88f67be8a4f37c5bd7bf,1.0,1,Сумма 900.76 у.е. — дороже 97% покупок в категории «покупки онлайн»,Категория «покупки онлайн» — частая цель мошенников,За последние сутки по карте уже списано около 847 у.е.,2020-06-14 22:49:37,503886119844,shopping_net,900.76,1,3
41029c2ccc7f4932b0bd81d407095438,1.0,1,Сумма 890.98 у.е. — дороже 99% покупок в категории «разное онлайн»,За последние сутки по карте уже списано около 2 079 у.е.,Категория «разное онлайн» — частая цель мошенников,2020-06-14 23:02:35,3531606252458308,misc_net,890.98,1,3
ae4f61ab3855641c7a7cdd02b3ece25f,1.0,1,Сумма 908.80 у.е. — дороже 98% покупок в категории «покупки онлайн»,За последние сутки по карте уже списано около 1 728 у.е.,Категория «покупки онлайн» — частая цель мошенников,2020-06-14 23:05:57,503886119844,shopping_net,908.8,1,3
2c97b63a13401eefb620a6d1913a8c27,1.0,1,Сумма 1 108.11 у.е. — дороже 99% покупок в категории «покупки онлайн»,За последние сутки по карте уже списано около 2 558 у.е.,Почти новая карта: 4 операций в истории,2020-06-14 23:49:46,503886119844,shopping_net,1108.11,1,3
80a79aba4561dbcdfc60aaf3eb661c87,1.0,1,Сумма 1 067.95 у.е. — дороже 99% покупок в категории «покупки онлайн»,За последние сутки по карте уже списано около 1 489 у.е.,Категория «покупки онлайн» — частая цель мошенников,2020-06-15 01:46:25,630424987505,shopping_net,1067.95,1,3
e406e3385d7a46c4234ca34adacbb6db,1.0,1,Сумма 755.73 у.е. — дороже 98% покупок в категории «покупки в магазине»,За последние сутки по карте уже списано около 2 418 у.е.,Серия из 7 операций ночью,2020-06-15 03:06:44,630424987505,shopping_pos,755.73,1,3
1b768050ae208cc7c33214aa35aa2fb1,1.0,1,За последние сутки по карте уже списано около 3 091 у.е.,Сумма 778.62 у.е. — дороже 99% покупок в категории «разное в магазине»,Серия из 8 операций ночью,2020-06-15 03:44:32,630424987505,misc_pos,778.62,1,3
b6e5176f8d0e89042674784c2076a1b3,1.0,1,Сумма 312.87 у.е. — дороже 99% покупок в категории «продукты в магазине»,Категория «продукты в магазине» — частая цель мошенников,За последние сутки по карте уже списано около 2 860 у.е.,2020-06-15 05:47:16,503886119844,grocery_pos,312.87,1,3
56fbea217c646765c0f525c4ff0dcbc5,1.0,1,За последние сутки по карте уже списано около 3 364 у.е.,Сумма 757.05 у.е. — дороже 99% покупок в категории «разное в магазине»,"В последние дни клиент тратит примерно в 2 раз крупнее, чем обычно",2020-06-15 07:06:27,630424987505,misc_pos,757.05,1,3
321454eb84e6b00e3cccdc6bf3d40640,1.0,1,Сумма 810.70 у.е. — дороже 99% покупок в категории «разное онлайн»,За последние сутки по карте уже списано около 1 992 у.е.,Категория «разное онлайн» — частая цель мошенников,2020-06-15 16:57:49,503886119844,misc_net,810.7,1,3
9b6e737aa346b4ae6aa3c9591478c396,1.0,1,Сумма 1 000.03 у.е. — дороже 98% покупок в категории «покупки онлайн»,Категория «покупки онлайн» — частая цель мошенников,За последние сутки по карте уже списано около 1 387 у.е.,2020-06-15 22:03:50,3531606252458308,shopping_net,1000.03,1,3
101d646c682a74e761bbc17ca719a48e,1.0,1,Сумма 899.48 у.е. — дороже 97% покупок в категории «покупки онлайн»,За последние сутки по карте уже списано около 2 249 у.е.,Почти новая карта: 7 операций в истории,2020-06-15 22:14:17,503886119844,shopping_net,899.48,1,3
0bca9d993de92326ed974f8c9de6bd4a,1.0,1,Сумма 852.69 у.е. — дороже 98% покупок в категории «покупки в магазине»,За последние сутки по карте уже списано около 2 362 у.е.,Категория «покупки в магазине» — частая цель мошенников,2020-06-15 22:18:29,3531606252458308,shopping_pos,852.69,1,3
9f5e2fd441eb95e057bd57ab549d5645,1.0,1,За последние сутки по карте уже списано около 3 200 у.е.,Сумма 679.70 у.е. — дороже 98% покупок в категории «разное онлайн»,Серия из 3 операций ночью,2020-06-15 22:25:08,3531606252458308,misc_net,679.7,1,3
3775deff0cf6b397a67ea78a628b0cb7,1.0,1,Сумма 459.01 у.е. — дороже 99% покупок в категории «развлечения»,За последние сутки по карте уже списано около 2 191 у.е.,Серия из 2 операций ночью,2020-06-15 22:36:43,630424987505,entertainment,459.01,1,3
8ad8aa0d735f766c2e53d37db1c13652,1.0,1,Сумма 385.65 у.е. — дороже 99% покупок в категории «развлечения»,За последние сутки по карте уже списано около 3 801 у.е.,Серия из 4 операций ночью,2020-06-15 22:54:49,3531606252458308,entertainment,385.65,1,3
eb2193d1de8d1aad43a2c8616cbd5538,1.0,1,Сумма 368.45 у.е. — дороже 99% покупок в категории «продукты в магазине»,Категория «продукты в магазине» — частая цель мошенников,Клиент почти не платит с 0 до 4 часов: около 10% его операций,2020-06-16 00:33:28,4873783502705038,grocery_pos,368.45,1,3
86aba58a613060c72ca0f6e3bca6780f,1.0,1,Категория «топливо и транспорт» — частая цель мошенников,Серия из 4 операций ночью,За последние сутки по карте уже списано около 556 у.е.,2020-06-16 02:39:33,4873783502705038,gas_transport,7.24,1,3
4f1dfd87112e2597ff10e6d3acf3624a,1.0,1,Сумма 357.16 у.е. — дороже 99% покупок в категории «продукты в магазине»,Категория «продукты в магазине» — частая цель мошенников,За последние сутки по карте уже списано около 732 у.е.,2020-06-16 03:05:12,4951647200979051,grocery_pos,357.16,1,3
d854fe956b510d9f24bd25c56e18cbaa,1.0,1,Сумма 369.79 у.е. — дороже 99% покупок в категории «продукты в магазине»,Категория «продукты в магазине» — частая цель мошенников,Серия из 5 операций ночью,2020-06-16 03:26:09,4873783502705038,grocery_pos,369.79,1,3
08ab7a0d04701d6cb28da74c875b848a,1.0,1,Сумма 366.09 у.е. — дороже 99% покупок в категории «продукты в магазине»,Категория «продукты в магазине» — частая цель мошенников,За последние сутки по карте уже списано около 1 063 у.е.,2020-06-16 03:41:01,4951647200979051,grocery_pos,366.09,1,3
50e4ac6e57eea525143345bbe30f6a81,1.0,1,Сумма 331.37 у.е. — дороже 99% покупок в категории «продукты в магазине»,Категория «продукты в магазине» — частая цель мошенников,Серия из 6 операций ночью,2020-06-16 03:57:53,4873783502705038,grocery_pos,331.37,1,3
03ce948f466102f5f5efbbda59d53201,0.323529,1,За последние сутки по карте уже списано около 1 515 у.е.,Категория «кафе и рестораны» — частая цель мошенников,Сумма 165.43 у.е. — дороже 97% покупок в категории «кафе и рестораны»,2020-06-16 16:29:51,630424987505,food_dining,165.43,0,3
03d9fe9f24490f585e9daa4419ae39b6,0.131579,1,Сумма 212.58 у.е. — дороже 99% покупок в категории «товары для дома»,За последние сутки по карте уже списано около 872 у.е.,Категория «товары для дома» — частая цель мошенников,2020-06-16 22:37:49,4906628655840914250,home,212.58,0,3
b7fc189d00bb82992919a820a9141f65,0.75,1,Сумма 590.39 у.е. — дороже 99% покупок в категории «развлечения»,За последние сутки по карте уже списано около 655 у.е.,Категория «развлечения» — частая цель мошенников,2020-06-16 23:02:31,4951647200979051,entertainment,590.39,1,3
e74bbc0866ff2b8f7afd9dae2f0dab6c,0.75,1,За последние сутки по карте уже списано около 1 222 у.е.,Сумма 635.09 у.е. — дороже 97% покупок в категории «покупки в магазине»,Серия из 3 операций ночью,2020-06-16 23:30:38,4951647200979051,shopping_pos,635.09,1,3
4e4e626b019593d1203c7b3e06fdefd2,1.0,1,Сумма 1 167.06 у.е. — дороже 99% покупок в категории «покупки онлайн»,Категория «покупки онлайн» — частая цель мошенников,Серия из 2 операций ночью,2020-06-17 00:33:41,3527536963490470,shopping_net,1167.06,1,3
77bd894eb068ac4051f9c3792fce43b5,1.0,1,Сумма 1 084.60 у.е. — дороже 99% покупок в категории «покупки онлайн»,За последние сутки по карте уже списано около 2 671 у.е.,Категория «покупки онлайн» — частая цель мошенников,2020-06-17 03:47:31,3527536963490470,shopping_net,1084.6,1,3
85c5e27ff9cf3c494d0d582b94536dba,1.0,1,Сумма 970.54 у.е. — дороже 98% покупок в категории «покупки онлайн»,Категория «покупки онлайн» — частая цель мошенников,За последние сутки по карте уже списано около 424 у.е.,2020-06-17 22:18:30,342319985983023,shopping_net,970.54,1,3
a1bf82dce5acbad489da5e7b07de0849,1.0,1,Сумма 986.87 у.е. — дороже 99% покупок в категории «покупки в магазине»,За последние сутки по карте уже списано около 1 351 у.е.,Серия из 3 операций ночью,2020-06-17 22:46:14,2222001896600109,shopping_pos,986.87,1,3
7e331931ba84fb232e132be7536e690e,1.0,1,Сумма 1 105.60 у.е. — дороже 99% покупок в категории «покупки онлайн»,За последние сутки по карте уже списано около 3 221 у.е.,Серия из 5 операций ночью,2020-06-17 23:22:31,342319985983023,shopping_net,1105.6,1,3
1a585727e864b68ec21de4f422f584b4,1.0,1,Сумма 1 065.91 у.е. — дороже 99% покупок в категории «покупки онлайн»,За последние сутки по карте уже списано около 2 875 у.е.,Категория «покупки онлайн» — частая цель мошенников,2020-06-18 17:10:29,342319985983023,shopping_net,1065.91,1,3
37a5c4a9e9a27a8a66d6ccf37f3c38d4,1.0,1,Сумма 858.54 у.е. — дороже 97% покупок в категории «покупки онлайн»,Категория «покупки онлайн» — частая цель мошенников,Ночная операция (22:05),2020-06-18 22:05:23,36890292963032,shopping_net,858.54,1,3
2ad48a91612d5c272badc69fb057c058,1.0,1,Сумма 1 077.64 у.е. — дороже 99% покупок в категории «покупки онлайн»,За последние сутки по карте уже списано около 1 330 у.е.,Категория «покупки онлайн» — частая цель мошенников,2020-06-18 22:13:47,36890292963032,shopping_net,1077.64,1,3
0f0c2d7613c1fc9957b7e6ac4566af7d,1.0,1,Сумма 1 053.08 у.е. — дороже 99% покупок в категории «покупки онлайн»,За последние сутки по карте уже списано около 1 026 у.е.,Категория «покупки онлайн» — частая цель мошенников,2020-06-18 22:25:12,4610064888664703,shopping_net,1053.08,1,3
c7495f2073d44e515001f89edd2a9f02,1.0,1,Сумма 956.44 у.е. — дороже 98% покупок в категории «покупки онлайн»,Категория «покупки онлайн» — частая цель мошенников,Ночная операция (22:46),2020-06-18 22:46:22,4482427013979020,shopping_net,956.44,1,3
edd6d554dfea51a3163c3af06e355331,1.0,1,Сумма 1 047.28 у.е. — дороже 99% покупок в категории «покупки онлайн»,За последние сутки по карте уже списано около 1 508 у.е.,Категория «покупки онлайн» — частая цель мошенников,2020-06-18 22:49:19,4783226709001,shopping_net,1047.28,1,3
fa2fc43c39df2a2133efeac8161957d5,1.0,1,Сумма 1 104.69 у.е. — дороже 99% покупок в категории «покупки онлайн»,Категория «покупки онлайн» — частая цель мошенников,Сумма в 84 раз больше обычной для этого клиента в этой категории (обычно около 13 у.е.),2020-06-19 15:17:02,3560318482131952,shopping_net,1104.69,1,3
4b605342a5831b482b1b522792e4f2d4,1.0,1,Сумма 1 145.15 у.е. — дороже 99% покупок в категории «покупки онлайн»,За последние сутки по карте уже списано около 1 582 у.е.,Категория «покупки онлайн» — частая цель мошенников,2020-06-19 19:38:00,4783226709001,shopping_net,1145.15,1,3
87454939b38977113c24d81c52846530,1.0,1,Сумма 1 029.03 у.е. — дороже 99% покупок в категории «покупки онлайн»,За последние сутки по карте уже списано около 1 115 у.е.,Категория «покупки онлайн» — частая цель мошенников,2020-06-19 22:12:57,36890292963032,shopping_net,1029.03,1,3
ee020fb257f242838718291b232c2be4,1.0,1,Сумма 842.27 у.е. — дороже 99% покупок в категории «разное онлайн»,За последние сутки по карте уже списано около 2 107 у.е.,Серия из 3 операций ночью,2020-06-19 22:37:45,36890292963032,misc_net,842.27,1,3
dca2bfbb43ed41cd5c98e2fb839b5bd9,1.0,1,Сумма 872.14 у.е. — дороже 97% покупок в категории «покупки онлайн»,За последние сутки по карте уже списано около 1 538 у.е.,Категория «покупки онлайн» — частая цель мошенников,2020-06-19 23:04:34,4482427013979020,shopping_net,872.14,1,3
92bae9c71fe254f29f6760932b7ef0e4,1.0,1,Сумма 1 060.31 у.е. — дороже 99% покупок в категории «покупки онлайн»,За последние сутки по карте уже списано около 2 355 у.е.,Категория «покупки онлайн» — частая цель мошенников,2020-06-19 23:37:34,4482427013979020,shopping_net,1060.31,1,3
68a9632812fa6ca39577e5530d5b9185,1.0,1,Сумма 1 078.51 у.е. — дороже 99% покупок в категории «покупки онлайн»,За последние сутки по карте уже списано около 3 407 у.е.,Категория «покупки онлайн» — частая цель мошенников,2020-06-19 23:41:02,4482427013979020,shopping_net,1078.51,1,3
f5001cff9193802f5e3a6112c9ae9196,1.0,1,Сумма 971.57 у.е. — дороже 99% покупок в категории «разное в магазине»,Серия из 3 операций ночью,За последние сутки по карте уже списано около 930 у.е.,2020-06-20 00:53:07,3573030041201292,misc_pos,971.57,1,3
85557b52e6187f5a4c512a947418b598,1.0,1,Сумма 1 006.04 у.е. — дороже 98% покупок в категории «покупки онлайн»,За последние сутки по карте уже списано около 1 814 у.е.,Категория «покупки онлайн» — частая цель мошенников,2020-06-20 02:01:10,3573030041201292,shopping_net,1006.04,1,3
0f4248cd9f8216a81b79dcfc23c39cdc,1.0,1,За последние сутки по карте уже списано около 2 965 у.е.,Сумма 876.10 у.е. — дороже 97% покупок в категории «покупки онлайн»,Категория «покупки онлайн» — частая цель мошенников,2020-06-20 03:48:39,3573030041201292,shopping_net,876.1,1,3
726a693a52a8b3de32101c828feee042,1.0,1,Сумма 1 006.48 у.е. — дороже 98% покупок в категории «покупки онлайн»,Категория «покупки онлайн» — частая цель мошенников,Сумма в 91 раз больше обычной для этого клиента в этой категории (обычно около 11 у.е.),2020-06-20 16:32:01,6564459919350820,shopping_net,1006.48,1,3
ad84ad18f2dde0a1269239c86c3e9d3c,1.0,1,Сумма 965.05 у.е. — дороже 98% покупок в категории «покупки онлайн»,Категория «покупки онлайн» — частая цель мошенников,За последние сутки по карте уже списано около 1 015 у.е.,2020-06-20 18:12:40,6564459919350820,shopping_net,965.05,1,3
843c2d9939cd8bed31ca120ab175ad2b,1.0,1,Сумма 1 064.44 у.е. — дороже 99% покупок в категории «покупки онлайн»,Категория «покупки онлайн» — частая цель мошенников,Ночная операция (22:29),2020-06-20 22:29:00,4986925034905735,shopping_net,1064.44,1,3
88d038dce3add03666ab117a9d7225e6,1.0,1,Сумма 1 063.03 у.е. — дороже 99% покупок в категории «покупки онлайн»,За последние сутки по карте уже списано около 1 140 у.е.,Категория «покупки онлайн» — частая цель мошенников,2020-06-20 23:29:52,3560725013359375,shopping_net,1063.03,1,3
4d41749b3c465a255da56e54608645fd,1.0,1,За последние сутки по карте уже списано около 2 150 у.е.,Категория «продукты онлайн» — частая цель мошенников,Серия из 3 операций ночью,2020-06-21 00:05:03,3560725013359375,grocery_net,15.87,1,3
a83b093f0c1d9068fa0089f7c722615f,1.0,1,Сумма 977.01 у.е. — дороже 98% покупок в категории «покупки онлайн»,Категория «покупки онлайн» — частая цель мошенников,Серия из 2 операций ночью,2020-06-21 01:00:08,3524574586339330,shopping_net,977.01,1,3
f75b35bed13b9e692f170dba45a15b21,1.0,1,Сумма 1 210.91 у.е. — дороже 99% покупок в категории «покупки онлайн»,Категория «покупки онлайн» — частая цель мошенников,За последние сутки по карте уже списано около 1 195 у.е.,2020-06-21 01:53:35,3524574586339330,shopping_net,1210.91,1,3
daa281350b1e16093c7b4bf97bf4d6ed,0.97561,1,За последние сутки по карте уже списано около 1 883 у.е.,Категория «топливо и транспорт» — частая цель мошенников,"В последние дни клиент тратит примерно в 2 раз крупнее, чем обычно",2020-06-21 03:26:20,3560725013359375,gas_transport,21.69,1,3
